province,district_code,district,commune_code,commune,atm,branch,population
Tỉnh Quảng Ninh,193,Thành phố Hạ Long,6649,Phường Hà Khánh,3.0,0.0,8505
Tỉnh Quảng Ninh,193,Thành phố Hạ Long,6652,Phường Hà Phong,1.0,0.0,12238
Tỉnh Quảng Ninh,193,Thành phố Hạ Long,6655,Phường Hà Khẩu,3.0,2.0,16966
Tỉnh Quảng Ninh,193,Thành phố Hạ Long,6658,Phường Cao Xanh,2.0,2.0,20060
Tỉnh Quảng Ninh,193,Thành phố Hạ Long,6661,Phường Giếng Đáy,10.0,4.0,18503
Tỉnh Quảng Ninh,193,Thành phố Hạ Long,6664,Phường Hà Tu,7.0,2.0,15338
Tỉnh Quảng Ninh,193,Thành phố Hạ Long,6667,Phường Hà Trung,2.0,0.0,9246
Tỉnh Quảng Ninh,193,Thành phố Hạ Long,6670,Phường Hà Lầm,3.0,2.0,10849
Tỉnh Quảng Ninh,193,Thành phố Hạ Long,6673,Phường Bãi Cháy,26.0,17.0,25534
Tỉnh Quảng Ninh,193,Thành phố Hạ Long,6676,Phường Cao Thắng,4.0,5.0,21262
Tỉnh Quảng Ninh,193,Thành phố Hạ Long,6679,Phường Hùng Thắng,1.0,0.0,7644
Tỉnh Quảng Ninh,193,Thành phố Hạ Long,6682,Phường Yết Kiêu,1.0,0.0,12485
Tỉnh Quảng Ninh,193,Thành phố Hạ Long,6685,Phường Trần Hưng Đạo,5.0,6.0,10662
Tỉnh Quảng Ninh,193,Thành phố Hạ Long,6688,Phường Hồng Hải,18.0,12.0,20551
Tỉnh Quảng Ninh,193,Thành phố Hạ Long,6691,Phường Hồng Gai,7.0,5.0,7472
Tỉnh Quảng Ninh,193,Thành phố Hạ Long,6694,Phường Bạch Đằng,30.0,29.0,7981
Tỉnh Quảng Ninh,193,Thành phố Hạ Long,6697,Phường Hồng Hà,7.0,7.0,22548
Tỉnh Quảng Ninh,193,Thành phố Hạ Long,6700,Phường Tuần Châu,3.0,0.0,2591
Tỉnh Quảng Ninh,193,Thành phố Hạ Long,6703,Phường Việt Hưng,0.0,1.0,10126
Tỉnh Quảng Ninh,193,Thành phố Hạ Long,6706,Phường Đại Yên,2.0,0.0,9493
Tỉnh Quảng Ninh,194,Thành phố Móng Cái,6709,Phường Ka Long,3.0,1.0,8181
Tỉnh Quảng Ninh,194,Thành phố Móng Cái,6712,Phường Trần Phú,12.0,13.0,3914
Tỉnh Quảng Ninh,194,Thành phố Móng Cái,6715,Phường Ninh Dương,0.0,0.0,10817
Tỉnh Quảng Ninh,194,Thành phố Móng Cái,6718,Phường Hoà Lạc,6.0,5.0,4497
Tỉnh Quảng Ninh,194,Thành phố Móng Cái,6721,Phường Trà Cổ,0.0,1.0,5061
Tỉnh Quảng Ninh,194,Thành phố Móng Cái,6724,Xã Hải Sơn,0.0,0.0,1548
Tỉnh Quảng Ninh,194,Thành phố Móng Cái,6727,Xã Bắc Sơn,0.0,0.0,1729
Tỉnh Quảng Ninh,194,Thành phố Móng Cái,6730,Xã Hải Đông,0.0,0.0,7437
Tỉnh Quảng Ninh,194,Thành phố Móng Cái,6733,Xã Hải Tiến,0.0,1.0,5953
Tỉnh Quảng Ninh,194,Thành phố Móng Cái,6736,Phường Hải Yên,3.0,0.0,14267
Tỉnh Quảng Ninh,194,Thành phố Móng Cái,6739,Xã Quảng Nghĩa,0.0,0.0,3682
Tỉnh Quảng Ninh,194,Thành phố Móng Cái,6742,Phường Hải Hoà,0.0,0.0,16285
Tỉnh Quảng Ninh,194,Thành phố Móng Cái,6745,Xã Hải Xuân,0.0,1.0,10121
Tỉnh Quảng Ninh,194,Thành phố Móng Cái,6748,Xã Vạn Ninh,0.0,0.0,6816
Tỉnh Quảng Ninh,194,Thành phố Móng Cái,6751,Phường Bình Ngọc,0.0,0.0,3412
Tỉnh Quảng Ninh,194,Thành phố Móng Cái,6754,Xã Vĩnh Trung,0.0,0.0,1724
Tỉnh Quảng Ninh,194,Thành phố Móng Cái,6757,Xã Vĩnh Thực,0.0,0.0,3109
Tỉnh Quảng Ninh,195,Thành phố Cẩm Phả,6760,Phường Mông Dương,9.0,3.0,15212
Tỉnh Quảng Ninh,195,Thành phố Cẩm Phả,6763,Phường Cửa Ông,13.0,7.0,16740
Tỉnh Quảng Ninh,195,Thành phố Cẩm Phả,6766,Phường Cẩm Sơn,4.0,1.0,18728
Tỉnh Quảng Ninh,195,Thành phố Cẩm Phả,6769,Phường Cẩm Đông,5.0,2.0,10852
Tỉnh Quảng Ninh,195,Thành phố Cẩm Phả,6772,Phường Cẩm Phú,4.0,4.0,15744
Tỉnh Quảng Ninh,195,Thành phố Cẩm Phả,6775,Phường Cẩm Tây,5.0,7.0,6700
Tỉnh Quảng Ninh,195,Thành phố Cẩm Phả,6778,Phường Quang Hanh,8.0,3.0,21446
Tỉnh Quảng Ninh,195,Thành phố Cẩm Phả,6781,Phường Cẩm Thịnh,2.0,0.0,10537
Tỉnh Quảng Ninh,195,Thành phố Cẩm Phả,6784,Phường Cẩm Thủy,4.0,4.0,14619
Tỉnh Quảng Ninh,195,Thành phố Cẩm Phả,6787,Phường Cẩm Thạch,7.0,2.0,14911
Tỉnh Quảng Ninh,195,Thành phố Cẩm Phả,6790,Phường Cẩm Thành,13.0,7.0,10397
Tỉnh Quảng Ninh,195,Thành phố Cẩm Phả,6793,Phường Cẩm Trung,5.0,9.0,15736
Tỉnh Quảng Ninh,195,Thành phố Cẩm Phả,6796,Phường Cẩm Bình,0.0,0.0,10515
Tỉnh Quảng Ninh,195,Thành phố Cẩm Phả,6799,Xã Cộng Hòa,0.0,0.0,3452
Tỉnh Quảng Ninh,195,Thành phố Cẩm Phả,6802,Xã Cẩm Hải,0.0,0.0,1528
Tỉnh Quảng Ninh,195,Thành phố Cẩm Phả,6805,Xã Dương Huy,0.0,0.0,3115
Tỉnh Quảng Ninh,196,Thành phố Uông Bí,6808,Phường Vàng Danh,2.0,3.0,12228
Tỉnh Quảng Ninh,196,Thành phố Uông Bí,6811,Phường Thanh Sơn,3.0,2.0,17406
Tỉnh Quảng Ninh,196,Thành phố Uông Bí,6814,Phường Bắc Sơn,1.0,0.0,6921
Tỉnh Quảng Ninh,196,Thành phố Uông Bí,6817,Phường Quang Trung,19.0,19.0,22266
Tỉnh Quảng Ninh,196,Thành phố Uông Bí,6820,Phường Trưng Vương,1.0,0.0,8256
Tỉnh Quảng Ninh,196,Thành phố Uông Bí,6823,Phường Nam Khê,3.0,2.0,8214
Tỉnh Quảng Ninh,196,Thành phố Uông Bí,6826,Phường Yên Thanh,3.0,3.0,9420
Tỉnh Quảng Ninh,196,Thành phố Uông Bí,6829,Xã Thượng Yên Công,2.0,0.0,5627
Tỉnh Quảng Ninh,196,Thành phố Uông Bí,6832,Phường Phương Đông,3.0,2.0,15132
Tỉnh Quảng Ninh,196,Thành phố Uông Bí,6835,Phường Phương Nam,1.0,0.0,13573
Tỉnh Quảng Ninh,196,Thành phố Uông Bí,7141,Xã Điền Công,0.0,0.0,1939
Tỉnh Quảng Ninh,198,Huyện Bình Liêu,6838,Thị trấn Bình Liêu,1.0,3.0,3623
Tỉnh Quảng Ninh,198,Huyện Bình Liêu,6841,Xã Hoành Mô,0.0,0.0,4872
Tỉnh Quảng Ninh,198,Huyện Bình Liêu,6844,Xã Đồng Tâm,0.0,0.0,3866
Tỉnh Quảng Ninh,198,Huyện Bình Liêu,6847,Xã Đồng Văn,0.0,0.0,3040
Tỉnh Quảng Ninh,198,Huyện Bình Liêu,6850,Xã Tình Húc,0.0,0.0,4087
Tỉnh Quảng Ninh,198,Huyện Bình Liêu,6853,Xã Vô Ngại,0.0,0.0,4322
Tỉnh Quảng Ninh,198,Huyện Bình Liêu,6856,Xã Lục Hồn,0.0,0.0,5044
Tỉnh Quảng Ninh,198,Huyện Bình Liêu,6859,Xã Húc Động,0.0,0.0,2783
Tỉnh Quảng Ninh,199,Huyện Tiên Yên,6862,Thị trấn Tiên Yên,3.0,4.0,7519
Tỉnh Quảng Ninh,199,Huyện Tiên Yên,6865,Xã Hà Lâu,0.0,0.0,2569
Tỉnh Quảng Ninh,199,Huyện Tiên Yên,6868,Xã Đại Dực,0.0,0.0,1548
Tỉnh Quảng Ninh,199,Huyện Tiên Yên,6869,Xã Đại Thành,0.0,0.0,1098
Tỉnh Quảng Ninh,199,Huyện Tiên Yên,6871,Xã Phong Dụ,0.0,0.0,4244
Tỉnh Quảng Ninh,199,Huyện Tiên Yên,6874,Xã Điền Xá,0.0,0.0,1380
Tỉnh Quảng Ninh,199,Huyện Tiên Yên,6877,Xã Đông Ngũ,0.0,1.0,7836
Tỉnh Quảng Ninh,199,Huyện Tiên Yên,6880,Xã Yên Than,0.0,0.0,3223
Tỉnh Quảng Ninh,199,Huyện Tiên Yên,6883,Xã Đông Hải,0.0,0.0,5901
Tỉnh Quảng Ninh,199,Huyện Tiên Yên,6886,Xã Hải Lạng,0.0,0.0,6025
Tỉnh Quảng Ninh,199,Huyện Tiên Yên,6889,Xã Tiên Lãng,0.0,0.0,6836
Tỉnh Quảng Ninh,199,Huyện Tiên Yên,6892,Xã Đồng Rui,0.0,0.0,2651
Tỉnh Quảng Ninh,200,Huyện Đầm Hà,6895,Thị trấn Đầm Hà,2.0,2.0,7900
Tỉnh Quảng Ninh,200,Huyện Đầm Hà,6898,Xã Quảng Lâm,0.0,0.0,3108
Tỉnh Quảng Ninh,200,Huyện Đầm Hà,6901,Xã Quảng An,0.0,0.0,5208
Tỉnh Quảng Ninh,200,Huyện Đầm Hà,6904,Xã Tân Bình,0.0,0.0,4493
Tỉnh Quảng Ninh,200,Huyện Đầm Hà,6907,Xã Quảng Lợi,0.0,0.0,2569
Tỉnh Quảng Ninh,200,Huyện Đầm Hà,6910,Xã Dực Yên,0.0,0.0,3077
Tỉnh Quảng Ninh,200,Huyện Đầm Hà,6913,Xã Quảng Tân,0.0,0.0,3002
Tỉnh Quảng Ninh,200,Huyện Đầm Hà,6916,Xã Đầm Hà,0.0,0.0,5322
Tỉnh Quảng Ninh,200,Huyện Đầm Hà,6917,Xã Tân Lập,0.0,0.0,4106
Tỉnh Quảng Ninh,200,Huyện Đầm Hà,6919,Xã Đại Bình,0.0,0.0,2432
Tỉnh Quảng Ninh,201,Huyện Hải Hà,6922,Thị trấn Quảng Hà,5.0,5.0,7385
Tỉnh Quảng Ninh,201,Huyện Hải Hà,6925,Xã Quảng Đức,0.0,0.0,3746
Tỉnh Quảng Ninh,201,Huyện Hải Hà,6928,Xã Quảng Sơn,0.0,0.0,4168
Tỉnh Quảng Ninh,201,Huyện Hải Hà,6931,Xã Quảng Thành,1.0,0.0,3587
Tỉnh Quảng Ninh,201,Huyện Hải Hà,6934,Xã Quảng Thắng,0.0,0.0,2502
Tỉnh Quảng Ninh,201,Huyện Hải Hà,6937,Xã Quảng Thịnh,0.0,0.0,2736
Tỉnh Quảng Ninh,201,Huyện Hải Hà,6940,Xã Quảng Minh,0.0,0.0,4983
Tỉnh Quảng Ninh,201,Huyện Hải Hà,6943,Xã Quảng Chính,0.0,0.0,7608
Tỉnh Quảng Ninh,201,Huyện Hải Hà,6946,Xã Quảng Long,0.0,0.0,5285
Tỉnh Quảng Ninh,201,Huyện Hải Hà,6949,Xã Đường Hoa,0.0,0.0,4092
Tỉnh Quảng Ninh,201,Huyện Hải Hà,6952,Xã Quảng Phong,0.0,0.0,5127
Tỉnh Quảng Ninh,201,Huyện Hải Hà,6955,Xã Quảng Trung,0.0,0.0,1386
Tỉnh Quảng Ninh,201,Huyện Hải Hà,6958,Xã Phú Hải,0.0,0.0,2498
Tỉnh Quảng Ninh,201,Huyện Hải Hà,6961,Xã Quảng Điền,2.0,0.0,3426
Tỉnh Quảng Ninh,201,Huyện Hải Hà,6964,Xã Tiến Tới,0.0,0.0,2487
Tỉnh Quảng Ninh,201,Huyện Hải Hà,6967,Xã Cái Chiên,0.0,0.0,550
Tỉnh Quảng Ninh,202,Huyện Ba Chẽ,6970,Thị trấn Ba Chẽ,2.0,2.0,4635
Tỉnh Quảng Ninh,202,Huyện Ba Chẽ,6973,Xã Thanh Sơn,0.0,0.0,1691
Tỉnh Quảng Ninh,202,Huyện Ba Chẽ,6976,Xã Thanh Lâm,0.0,0.0,2124
Tỉnh Quảng Ninh,202,Huyện Ba Chẽ,6979,Xã Đạp Thanh,0.0,0.0,2287
Tỉnh Quảng Ninh,202,Huyện Ba Chẽ,6982,Xã Nam Sơn,0.0,0.0,3491
Tỉnh Quảng Ninh,202,Huyện Ba Chẽ,6985,Xã Lương Mông,0.0,0.0,1493
Tỉnh Quảng Ninh,202,Huyện Ba Chẽ,6988,Xã Đồn Đạc,0.0,0.0,5813
Tỉnh Quảng Ninh,202,Huyện Ba Chẽ,6991,Xã Minh Cầm,0.0,0.0,569
Tỉnh Quảng Ninh,203,Huyện Vân Đồn,6994,Thị trấn Cái Rồng,3.0,5.0,9520
Tỉnh Quảng Ninh,203,Huyện Vân Đồn,6997,Xã Đài Xuyên,0.0,0.0,2076
Tỉnh Quảng Ninh,203,Huyện Vân Đồn,7000,Xã Bình Dân,0.0,0.0,1360
Tỉnh Quảng Ninh,203,Huyện Vân Đồn,7003,Xã Vạn Yên,0.0,0.0,1382
Tỉnh Quảng Ninh,203,Huyện Vân Đồn,7006,Xã Minh Châu,0.0,0.0,1072
Tỉnh Quảng Ninh,203,Huyện Vân Đồn,7009,Xã Đoàn Kết,0.0,0.0,2840
Tỉnh Quảng Ninh,203,Huyện Vân Đồn,7012,Xã Hạ Long,0.0,0.0,10487
Tỉnh Quảng Ninh,203,Huyện Vân Đồn,7015,Xã Đông Xá,0.0,0.0,10795
Tỉnh Quảng Ninh,203,Huyện Vân Đồn,7018,Xã Bản Sen,0.0,0.0,1079
Tỉnh Quảng Ninh,203,Huyện Vân Đồn,7021,Xã Thắng Lợi,0.0,0.0,1613
Tỉnh Quảng Ninh,203,Huyện Vân Đồn,7024,Xã Quan Lạn,0.0,0.0,3567
Tỉnh Quảng Ninh,203,Huyện Vân Đồn,7027,Xã Ngọc Vừng,0.0,0.0,825
Tỉnh Quảng Ninh,204,Huyện Hoành Bồ,7030,Thị trấn Trới,6.0,5.0,11704
Tỉnh Quảng Ninh,204,Huyện Hoành Bồ,7033,Xã Kỳ Thượng,0.0,0.0,744
Tỉnh Quảng Ninh,204,Huyện Hoành Bồ,7036,Xã Đồng Sơn,0.0,0.0,2875
Tỉnh Quảng Ninh,204,Huyện Hoành Bồ,7039,Xã Tân Dân,1.0,0.0,2459
Tỉnh Quảng Ninh,204,Huyện Hoành Bồ,7042,Xã Đồng Lâm,0.0,0.0,2304
Tỉnh Quảng Ninh,204,Huyện Hoành Bồ,7045,Xã Hòa Bình,0.0,0.0,1189
Tỉnh Quảng Ninh,204,Huyện Hoành Bồ,7048,Xã Vũ Oai,0.0,0.0,2130
Tỉnh Quảng Ninh,204,Huyện Hoành Bồ,7051,Xã Dân Chủ,0.0,0.0,1132
Tỉnh Quảng Ninh,204,Huyện Hoành Bồ,7054,Xã Quảng La,0.0,1.0,2960
Tỉnh Quảng Ninh,204,Huyện Hoành Bồ,7057,Xã Bằng Cả,0.0,0.0,1836
Tỉnh Quảng Ninh,204,Huyện Hoành Bồ,7060,Xã Thống Nhất,0.0,1.0,11172
Tỉnh Quảng Ninh,204,Huyện Hoành Bồ,7063,Xã Sơn Dương,0.0,0.0,5200
Tỉnh Quảng Ninh,204,Huyện Hoành Bồ,7066,Xã Lê Lợi,1.0,0.0,6951
Tỉnh Quảng Ninh,205,Thị xã Đông Triều,7069,Phường Mạo Khê,17.0,12.0,36868
Tỉnh Quảng Ninh,205,Thị xã Đông Triều,7072,Phường Đông Triều,2.0,4.0,4886
Tỉnh Quảng Ninh,205,Thị xã Đông Triều,7075,Xã An Sinh,0.0,0.0,6977
Tỉnh Quảng Ninh,205,Thị xã Đông Triều,7078,Xã Tràng Lương,0.0,0.0,2786
Tỉnh Quảng Ninh,205,Thị xã Đông Triều,7081,Xã Bình Khê,2.0,1.0,10264
Tỉnh Quảng Ninh,205,Thị xã Đông Triều,7084,Xã Việt Dân,0.0,0.0,4220
Tỉnh Quảng Ninh,205,Thị xã Đông Triều,7087,Xã Tân Việt,0.0,0.0,3137
Tỉnh Quảng Ninh,205,Thị xã Đông Triều,7090,Xã Bình Dương,0.0,0.0,8662
Tỉnh Quảng Ninh,205,Thị xã Đông Triều,7093,Phường Đức Chính,0.0,0.0,7227
Tỉnh Quảng Ninh,205,Thị xã Đông Triều,7096,Xã Tràng An,0.0,0.0,6128
Tỉnh Quảng Ninh,205,Thị xã Đông Triều,7099,Xã Nguyễn Huệ,0.0,0.0,5592
Tỉnh Quảng Ninh,205,Thị xã Đông Triều,7102,Xã Thủy An,0.0,1.0,4181
Tỉnh Quảng Ninh,205,Thị xã Đông Triều,7105,Phường Xuân Sơn,0.0,0.0,6551
Tỉnh Quảng Ninh,205,Thị xã Đông Triều,7108,Xã Hồng Thái Tây,0.0,0.0,6580
Tỉnh Quảng Ninh,205,Thị xã Đông Triều,7111,Xã Hồng Thái Đông,0.0,0.0,8885
Tỉnh Quảng Ninh,205,Thị xã Đông Triều,7114,Xã Hoàng Quế,0.0,0.0,7836
Tỉnh Quảng Ninh,205,Thị xã Đông Triều,7117,Xã Yên Thọ,0.0,0.0,10786
Tỉnh Quảng Ninh,205,Thị xã Đông Triều,7120,Xã Hồng Phong,1.0,0.0,7792
Tỉnh Quảng Ninh,205,Thị xã Đông Triều,7123,Phường Kim Sơn,2.0,2.0,8956
Tỉnh Quảng Ninh,205,Thị xã Đông Triều,7126,Phường Hưng Đạo,0.0,0.0,8435
Tỉnh Quảng Ninh,205,Thị xã Đông Triều,7129,Xã Yên Đức,0.0,0.0,4924
Tỉnh Quảng Ninh,206,Thị xã Quảng Yên,7132,Phường Quảng Yên,5.0,7.0,14904
Tỉnh Quảng Ninh,206,Thị xã Quảng Yên,7135,Phường Đông Mai,2.0,0.0,7600
Tỉnh Quảng Ninh,206,Thị xã Quảng Yên,7138,Phường Minh Thành,2.0,2.0,11679
Tỉnh Quảng Ninh,206,Thị xã Quảng Yên,7144,Xã Sông Khoai,0.0,0.0,12140
Tỉnh Quảng Ninh,206,Thị xã Quảng Yên,7147,Xã Hiệp Hòa,0.0,0.0,9561
Tỉnh Quảng Ninh,206,Thị xã Quảng Yên,7150,Phường Cộng Hòa,0.0,0.0,7759
Tỉnh Quảng Ninh,206,Thị xã Quảng Yên,7153,Xã Tiền An,0.0,0.0,9268
Tỉnh Quảng Ninh,206,Thị xã Quảng Yên,7156,Xã Hoàng Tân,0.0,0.0,3981
Tỉnh Quảng Ninh,206,Thị xã Quảng Yên,7159,Phường Tân An,0.0,0.0,5249
Tỉnh Quảng Ninh,206,Thị xã Quảng Yên,7162,Phường Yên Giang,0.0,0.0,3215
Tỉnh Quảng Ninh,206,Thị xã Quảng Yên,7165,Phường Nam Hoà,0.0,0.0,6137
Tỉnh Quảng Ninh,206,Thị xã Quảng Yên,7168,Phường Hà An,0.0,0.0,8786
Tỉnh Quảng Ninh,206,Thị xã Quảng Yên,7171,Xã Cẩm La,0.0,0.0,4893
Tỉnh Quảng Ninh,206,Thị xã Quảng Yên,7174,Phường Phong Hải,0.0,0.0,8654
Tỉnh Quảng Ninh,206,Thị xã Quảng Yên,7177,Phường Yên Hải,0.0,0.0,5550
Tỉnh Quảng Ninh,206,Thị xã Quảng Yên,7180,Xã Liên Hòa,0.0,0.0,8487
Tỉnh Quảng Ninh,206,Thị xã Quảng Yên,7183,Phường Phong Cốc,1.0,1.0,6335
Tỉnh Quảng Ninh,206,Thị xã Quảng Yên,7186,Xã Liên Vị,0.0,0.0,9653
Tỉnh Quảng Ninh,206,Thị xã Quảng Yên,7189,Xã Tiền Phong,0.0,0.0,2069
Tỉnh Quảng Ninh,207,Huyện Cô Tô,7192,Thị trấn Cô Tô,1.0,2.0,3136
Tỉnh Quảng Ninh,207,Huyện Cô Tô,7195,Xã Đồng Tiến,0.0,0.0,1735
Tỉnh Quảng Ninh,207,Huyện Cô Tô,7198,Xã Thanh Lân,0.0,0.0,1414
Thành phố Hồ Chí Minh,760,Quận 1,26734,Phường Tân Định,19.0,22.0,23258
Thành phố Hồ Chí Minh,760,Quận 1,26737,Phường Đa Kao,44.0,27.0,14970
Thành phố Hồ Chí Minh,760,Quận 1,26740,Phường Bến Nghé,163.0,47.0,10633
Thành phố Hồ Chí Minh,760,Quận 1,26743,Phường Bến Thành,40.0,22.0,11714
Thành phố Hồ Chí Minh,760,Quận 1,26746,Phường Nguyễn Thái Bình,47.0,45.0,9716
Thành phố Hồ Chí Minh,760,Quận 1,26749,Phường Phạm Ngũ Lão,50.0,17.0,15183
Thành phố Hồ Chí Minh,760,Quận 1,26752,Phường Cầu Ông Lãnh,8.0,4.0,10737
Thành phố Hồ Chí Minh,760,Quận 1,26755,Phường Cô Giang,9.0,6.0,11517
Thành phố Hồ Chí Minh,760,Quận 1,26758,Phường Nguyễn Cư Trinh,27.0,15.0,21191
Thành phố Hồ Chí Minh,760,Quận 1,26761,Phường Cầu Kho,7.0,5.0,13706
Thành phố Hồ Chí Minh,761,Quận 12,26764,Phường Thạnh Xuân,1.0,0.0,54220
Thành phố Hồ Chí Minh,761,Quận 12,26767,Phường Thạnh Lộc,6.0,6.0,59163
Thành phố Hồ Chí Minh,761,Quận 12,26770,Phường Hiệp Thành,12.0,9.0,99417
Thành phố Hồ Chí Minh,761,Quận 12,26773,Phường Thới An,6.0,3.0,46893
Thành phố Hồ Chí Minh,761,Quận 12,26776,Phường Tân Chánh Hiệp,9.0,3.0,78595
Thành phố Hồ Chí Minh,761,Quận 12,26779,Phường An Phú Đông,4.0,1.0,46512
Thành phố Hồ Chí Minh,761,Quận 12,26782,Phường Tân Thới Hiệp,6.0,1.0,53137
Thành phố Hồ Chí Minh,761,Quận 12,26785,Phường Trung Mỹ Tây,13.0,7.0,42037
Thành phố Hồ Chí Minh,761,Quận 12,26787,Phường Tân Hưng Thuận,6.0,6.0,33467
Thành phố Hồ Chí Minh,761,Quận 12,26788,Phường Đông Hưng Thuận,11.0,6.0,45793
Thành phố Hồ Chí Minh,761,Quận 12,26791,Phường Tân Thới Nhất,21.0,12.0,60912
Thành phố Hồ Chí Minh,762,Quận Thủ Đức,26794,Phường Linh Xuân,2.0,2.0,61852
Thành phố Hồ Chí Minh,762,Quận Thủ Đức,26797,Phường Bình Chiểu,12.0,3.0,77984
Thành phố Hồ Chí Minh,762,Quận Thủ Đức,26800,Phường Linh Trung,30.0,2.0,64886
Thành phố Hồ Chí Minh,762,Quận Thủ Đức,26803,Phường Tam Bình,5.0,6.0,29411
Thành phố Hồ Chí Minh,762,Quận Thủ Đức,26806,Phường Tam Phú,5.0,1.0,32926
Thành phố Hồ Chí Minh,762,Quận Thủ Đức,26809,Phường Hiệp Bình Phước,7.0,3.0,63454
Thành phố Hồ Chí Minh,762,Quận Thủ Đức,26812,Phường Hiệp Bình Chánh,13.0,3.0,101223
Thành phố Hồ Chí Minh,762,Quận Thủ Đức,26815,Phường Linh Chiểu,25.0,8.0,30609
Thành phố Hồ Chí Minh,762,Quận Thủ Đức,26818,Phường Linh Tây,10.0,8.0,24627
Thành phố Hồ Chí Minh,762,Quận Thủ Đức,26821,Phường Linh Đông,4.0,3.0,43429
Thành phố Hồ Chí Minh,762,Quận Thủ Đức,26824,Phường Bình Thọ,19.0,17.0,14953
Thành phố Hồ Chí Minh,762,Quận Thủ Đức,26827,Phường Trường Thọ,15.0,2.0,47332
Thành phố Hồ Chí Minh,763,Quận 9,26830,Phường Long Bình,0.0,0.0,23505
Thành phố Hồ Chí Minh,763,Quận 9,26833,Phường Long Thạnh Mỹ,2.0,1.0,35502
Thành phố Hồ Chí Minh,763,Quận 9,26836,Phường Tân Phú,5.0,2.0,37857
Thành phố Hồ Chí Minh,763,Quận 9,26839,Phường Hiệp Phú,32.0,14.0,25409
Thành phố Hồ Chí Minh,763,Quận 9,26842,Phường Tăng Nhơn Phú A,8.0,3.0,46661
Thành phố Hồ Chí Minh,763,Quận 9,26845,Phường Tăng Nhơn Phú B,5.0,3.0,37381
Thành phố Hồ Chí Minh,763,Quận 9,26848,Phường Phước Long B,7.0,8.0,64983
Thành phố Hồ Chí Minh,763,Quận 9,26851,Phường Phước Long A,5.0,5.0,26883
Thành phố Hồ Chí Minh,763,Quận 9,26854,Phường Trường Thạnh,1.0,0.0,23431
Thành phố Hồ Chí Minh,763,Quận 9,26857,Phường Long Phước,2.0,0.0,11857
Thành phố Hồ Chí Minh,763,Quận 9,26860,Phường Long Trường,2.0,1.0,25575
Thành phố Hồ Chí Minh,763,Quận 9,26863,Phường Phước Bình,0.0,1.0,15746
Thành phố Hồ Chí Minh,763,Quận 9,26866,Phường Phú Hữu,0.0,0.0,22216
Thành phố Hồ Chí Minh,764,Quận Gò Vấp,26869,Phường 15,4.0,6.0,40289
Thành phố Hồ Chí Minh,764,Quận Gò Vấp,26872,Phường 13,2.0,3.0,24229
Thành phố Hồ Chí Minh,764,Quận Gò Vấp,26875,Phường 17,13.0,4.0,54728
Thành phố Hồ Chí Minh,764,Quận Gò Vấp,26876,Phường 6,1.0,11.0,34340
Thành phố Hồ Chí Minh,764,Quận Gò Vấp,26878,Phường 16,6.0,3.0,54520
Thành phố Hồ Chí Minh,764,Quận Gò Vấp,26881,Phường 12,10.0,11.0,60502
Thành phố Hồ Chí Minh,764,Quận Gò Vấp,26882,Phường 14,8.0,7.0,48491
Thành phố Hồ Chí Minh,764,Quận Gò Vấp,26884,Phường 10,28.0,24.0,47330
Thành phố Hồ Chí Minh,764,Quận Gò Vấp,26887,Phường 05,12.0,10.0,55765
Thành phố Hồ Chí Minh,764,Quận Gò Vấp,26890,Phường 07,14.0,18.0,35118
Thành phố Hồ Chí Minh,764,Quận Gò Vấp,26893,Phường 04,16.0,18.0,20520
Thành phố Hồ Chí Minh,764,Quận Gò Vấp,26896,Phường 01,2.0,3.0,21934
Thành phố Hồ Chí Minh,764,Quận Gò Vấp,26897,Phường 9,2.0,8.0,34596
Thành phố Hồ Chí Minh,764,Quận Gò Vấp,26898,Phường 8,5.0,6.0,32778
Thành phố Hồ Chí Minh,764,Quận Gò Vấp,26899,Phường 11,13.0,15.0,56130
Thành phố Hồ Chí Minh,764,Quận Gò Vấp,26902,Phường 03,16.0,12.0,55629
Thành phố Hồ Chí Minh,765,Quận Bình Thạnh,26905,Phường 13,3.0,3.0,37192
Thành phố Hồ Chí Minh,765,Quận Bình Thạnh,26908,Phường 11,12.0,5.0,31609
Thành phố Hồ Chí Minh,765,Quận Bình Thạnh,26911,Phường 27,3.0,1.0,21659
Thành phố Hồ Chí Minh,765,Quận Bình Thạnh,26914,Phường 26,18.0,16.0,42067
Thành phố Hồ Chí Minh,765,Quận Bình Thạnh,26917,Phường 12,18.0,11.0,36701
Thành phố Hồ Chí Minh,765,Quận Bình Thạnh,26920,Phường 25,22.0,21.0,42674
Thành phố Hồ Chí Minh,765,Quận Bình Thạnh,26923,Phường 05,1.0,1.0,16342
Thành phố Hồ Chí Minh,765,Quận Bình Thạnh,26926,Phường 07,5.0,4.0,14555
Thành phố Hồ Chí Minh,765,Quận Bình Thạnh,26929,Phường 24,5.0,7.0,24447
Thành phố Hồ Chí Minh,765,Quận Bình Thạnh,26932,Phường 06,13.0,7.0,10300
Thành phố Hồ Chí Minh,765,Quận Bình Thạnh,26935,Phường 14,8.0,8.0,11106
Thành phố Hồ Chí Minh,765,Quận Bình Thạnh,26938,Phường 15,17.0,9.0,24947
Thành phố Hồ Chí Minh,765,Quận Bình Thạnh,26941,Phường 02,7.0,7.0,17567
Thành phố Hồ Chí Minh,765,Quận Bình Thạnh,26944,Phường 01,10.0,3.0,12482
Thành phố Hồ Chí Minh,765,Quận Bình Thạnh,26947,Phường 03,8.0,6.0,22603
Thành phố Hồ Chí Minh,765,Quận Bình Thạnh,26950,Phường 17,7.0,9.0,23155
Thành phố Hồ Chí Minh,765,Quận Bình Thạnh,26953,Phường 21,5.0,6.0,23164
Thành phố Hồ Chí Minh,765,Quận Bình Thạnh,26956,Phường 22,16.0,8.0,49842
Thành phố Hồ Chí Minh,765,Quận Bình Thạnh,26959,Phường 19,9.0,5.0,19997
Thành phố Hồ Chí Minh,765,Quận Bình Thạnh,26962,Phường 28,0.0,0.0,16755
Thành phố Hồ Chí Minh,766,Quận Tân Bình,26965,Phường 02,49.0,26.0,36529
Thành phố Hồ Chí Minh,766,Quận Tân Bình,26968,Phường 04,44.0,18.0,31105
Thành phố Hồ Chí Minh,766,Quận Tân Bình,26971,Phường 12,21.0,9.0,39857
Thành phố Hồ Chí Minh,766,Quận Tân Bình,26974,Phường 13,31.0,23.0,57522
Thành phố Hồ Chí Minh,766,Quận Tân Bình,26977,Phường 01,19.0,11.0,12120
Thành phố Hồ Chí Minh,766,Quận Tân Bình,26980,Phường 03,3.0,5.0,17962
Thành phố Hồ Chí Minh,766,Quận Tân Bình,26983,Phường 11,3.0,3.0,28662
Thành phố Hồ Chí Minh,766,Quận Tân Bình,26986,Phường 07,20.0,13.0,15771
Thành phố Hồ Chí Minh,766,Quận Tân Bình,26989,Phường 05,1.0,4.0,18800
Thành phố Hồ Chí Minh,766,Quận Tân Bình,26992,Phường 10,12.0,5.0,47648
Thành phố Hồ Chí Minh,766,Quận Tân Bình,26995,Phường 06,9.0,8.0,26593
Thành phố Hồ Chí Minh,766,Quận Tân Bình,26998,Phường 08,17.0,16.0,19081
Thành phố Hồ Chí Minh,766,Quận Tân Bình,27001,Phường 09,4.0,7.0,30998
Thành phố Hồ Chí Minh,766,Quận Tân Bình,27004,Phường 14,22.0,18.0,26476
Thành phố Hồ Chí Minh,766,Quận Tân Bình,27007,Phường 15,12.0,5.0,65668
Thành phố Hồ Chí Minh,767,Quận Tân Phú,27010,Phường Tân Sơn Nhì,14.0,10.0,43267
Thành phố Hồ Chí Minh,767,Quận Tân Phú,27013,Phường Tây Thạnh,24.0,6.0,61120
Thành phố Hồ Chí Minh,767,Quận Tân Phú,27016,Phường Sơn Kỳ,11.0,8.0,42667
Thành phố Hồ Chí Minh,767,Quận Tân Phú,27019,Phường Tân Quý,6.0,10.0,65568
Thành phố Hồ Chí Minh,767,Quận Tân Phú,27022,Phường Tân Thành,12.0,11.0,37904
Thành phố Hồ Chí Minh,767,Quận Tân Phú,27025,Phường Phú Thọ Hòa,14.0,14.0,54967
Thành phố Hồ Chí Minh,767,Quận Tân Phú,27028,Phường Phú Thạnh,11.0,7.0,45020
Thành phố Hồ Chí Minh,767,Quận Tân Phú,27031,Phường Phú Trung,5.0,4.0,43147
Thành phố Hồ Chí Minh,767,Quận Tân Phú,27034,Phường Hòa Thạnh,14.0,11.0,33822
Thành phố Hồ Chí Minh,767,Quận Tân Phú,27037,Phường Hiệp Tân,7.0,9.0,30074
Thành phố Hồ Chí Minh,767,Quận Tân Phú,27040,Phường Tân Thới Hòa,7.0,6.0,27792
Thành phố Hồ Chí Minh,768,Quận Phú Nhuận,27043,Phường 04,2.0,1.0,12365
Thành phố Hồ Chí Minh,768,Quận Phú Nhuận,27046,Phường 05,7.0,2.0,15492
Thành phố Hồ Chí Minh,768,Quận Phú Nhuận,27049,Phường 09,13.0,5.0,18205
Thành phố Hồ Chí Minh,768,Quận Phú Nhuận,27052,Phường 07,11.0,6.0,22964
Thành phố Hồ Chí Minh,768,Quận Phú Nhuận,27055,Phường 03,8.0,7.0,7749
Thành phố Hồ Chí Minh,768,Quận Phú Nhuận,27058,Phường 01,8.0,6.0,10299
Thành phố Hồ Chí Minh,768,Quận Phú Nhuận,27061,Phường 02,19.0,17.0,11527
Thành phố Hồ Chí Minh,768,Quận Phú Nhuận,27064,Phường 08,16.0,11.0,7950
Thành phố Hồ Chí Minh,768,Quận Phú Nhuận,27067,Phường 15,1.0,0.0,10560
Thành phố Hồ Chí Minh,768,Quận Phú Nhuận,27070,Phường 10,7.0,9.0,9391
Thành phố Hồ Chí Minh,768,Quận Phú Nhuận,27073,Phường 11,8.0,4.0,8840
Thành phố Hồ Chí Minh,768,Quận Phú Nhuận,27076,Phường 17,2.0,2.0,7777
Thành phố Hồ Chí Minh,768,Quận Phú Nhuận,27079,Phường 14,2.0,4.0,6791
Thành phố Hồ Chí Minh,768,Quận Phú Nhuận,27082,Phường 12,10.0,6.0,6364
Thành phố Hồ Chí Minh,768,Quận Phú Nhuận,27085,Phường 13,2.0,1.0,7687
Thành phố Hồ Chí Minh,769,Quận 2,27088,Phường Thảo Điền,26.0,11.0,22639
Thành phố Hồ Chí Minh,769,Quận 2,27091,Phường An Phú,23.0,15.0,35825
Thành phố Hồ Chí Minh,769,Quận 2,27094,Phường Bình An,21.0,18.0,18977
Thành phố Hồ Chí Minh,769,Quận 2,27097,Phường Bình Trưng Đông,1.0,1.0,26050
Thành phố Hồ Chí Minh,769,Quận 2,27100,Phường Bình Trưng Tây,11.0,10.0,27536
Thành phố Hồ Chí Minh,769,Quận 2,27103,Phường Bình Khánh,0.0,0.0,5130
Thành phố Hồ Chí Minh,769,Quận 2,27106,Phường An Khánh,4.0,0.0,223
Thành phố Hồ Chí Minh,769,Quận 2,27109,Phường Cát Lái,6.0,2.0,19542
Thành phố Hồ Chí Minh,769,Quận 2,27112,Phường Thạnh Mỹ Lợi,13.0,8.0,23101
Thành phố Hồ Chí Minh,769,Quận 2,27115,Phường An Lợi Đông,1.0,1.0,508
Thành phố Hồ Chí Minh,769,Quận 2,27118,Phường Thủ Thiêm,0.0,0.0,744
Thành phố Hồ Chí Minh,770,Quận 3,27121,Phường 08,16.0,8.0,16481
Thành phố Hồ Chí Minh,770,Quận 3,27124,Phường 07,27.0,8.0,13052
Thành phố Hồ Chí Minh,770,Quận 3,27127,Phường 14,4.0,3.0,16265
Thành phố Hồ Chí Minh,770,Quận 3,27130,Phường 12,2.0,3.0,12398
Thành phố Hồ Chí Minh,770,Quận 3,27133,Phường 11,8.0,5.0,22383
Thành phố Hồ Chí Minh,770,Quận 3,27136,Phường 13,2.0,3.0,6988
Thành phố Hồ Chí Minh,770,Quận 3,27139,Phường 06,65.0,41.0,7072
Thành phố Hồ Chí Minh,770,Quận 3,27142,Phường 09,13.0,9.0,17472
Thành phố Hồ Chí Minh,770,Quận 3,27145,Phường 10,3.0,3.0,9166
Thành phố Hồ Chí Minh,770,Quận 3,27148,Phường 04,8.0,8.0,18930
Thành phố Hồ Chí Minh,770,Quận 3,27151,Phường 05,18.0,19.0,14408
Thành phố Hồ Chí Minh,770,Quận 3,27154,Phường 03,7.0,4.0,10604
Thành phố Hồ Chí Minh,770,Quận 3,27157,Phường 02,8.0,9.0,11413
Thành phố Hồ Chí Minh,770,Quận 3,27160,Phường 01,6.0,6.0,13743
Thành phố Hồ Chí Minh,771,Quận 10,27163,Phường 15,15.0,7.0,25346
Thành phố Hồ Chí Minh,771,Quận 10,27166,Phường 13,11.0,12.0,25657
Thành phố Hồ Chí Minh,771,Quận 10,27169,Phường 14,35.0,21.0,32727
Thành phố Hồ Chí Minh,771,Quận 10,27172,Phường 12,37.0,23.0,24342
Thành phố Hồ Chí Minh,771,Quận 10,27175,Phường 11,4.0,5.0,9263
Thành phố Hồ Chí Minh,771,Quận 10,27178,Phường 10,8.0,5.0,11135
Thành phố Hồ Chí Minh,771,Quận 10,27181,Phường 09,1.0,3.0,17800
Thành phố Hồ Chí Minh,771,Quận 10,27184,Phường 01,7.0,4.0,14257
Thành phố Hồ Chí Minh,771,Quận 10,27187,Phường 08,2.0,3.0,11142
Thành phố Hồ Chí Minh,771,Quận 10,27190,Phường 02,4.0,4.0,16841
Thành phố Hồ Chí Minh,771,Quận 10,27193,Phường 04,4.0,5.0,13354
Thành phố Hồ Chí Minh,771,Quận 10,27196,Phường 07,7.0,4.0,7569
Thành phố Hồ Chí Minh,771,Quận 10,27199,Phường 05,10.0,10.0,10783
Thành phố Hồ Chí Minh,771,Quận 10,27202,Phường 06,7.0,2.0,7358
Thành phố Hồ Chí Minh,771,Quận 10,27205,Phường 03,5.0,4.0,7245
Thành phố Hồ Chí Minh,772,Quận 11,27208,Phường 15,23.0,6.0,12396
Thành phố Hồ Chí Minh,772,Quận 11,27211,Phường 05,16.0,13.0,32226
Thành phố Hồ Chí Minh,772,Quận 11,27214,Phường 14,1.0,1.0,15292
Thành phố Hồ Chí Minh,772,Quận 11,27217,Phường 11,10.0,11.0,12176
Thành phố Hồ Chí Minh,772,Quận 11,27220,Phường 03,5.0,0.0,21423
Thành phố Hồ Chí Minh,772,Quận 11,27223,Phường 10,10.0,6.0,9818
Thành phố Hồ Chí Minh,772,Quận 11,27226,Phường 13,6.0,8.0,11190
Thành phố Hồ Chí Minh,772,Quận 11,27229,Phường 08,6.0,1.0,13254
Thành phố Hồ Chí Minh,772,Quận 11,27232,Phường 09,7.0,5.0,8249
Thành phố Hồ Chí Minh,772,Quận 11,27235,Phường 12,3.0,5.0,8761
Thành phố Hồ Chí Minh,772,Quận 11,27238,Phường 07,1.0,1.0,12191
Thành phố Hồ Chí Minh,772,Quận 11,27241,Phường 06,3.0,3.0,9472
Thành phố Hồ Chí Minh,772,Quận 11,27244,Phường 04,6.0,8.0,8794
Thành phố Hồ Chí Minh,772,Quận 11,27247,Phường 01,2.0,2.0,12549
Thành phố Hồ Chí Minh,772,Quận 11,27250,Phường 02,3.0,3.0,9658
Thành phố Hồ Chí Minh,772,Quận 11,27253,Phường 16,5.0,3.0,12418
Thành phố Hồ Chí Minh,773,Quận 4,27256,Phường 12,15.0,14.0,6415
Thành phố Hồ Chí Minh,773,Quận 4,27259,Phường 13,8.0,3.0,11289
Thành phố Hồ Chí Minh,773,Quận 4,27262,Phường 09,0.0,0.0,10473
Thành phố Hồ Chí Minh,773,Quận 4,27265,Phường 06,9.0,8.0,10602
Thành phố Hồ Chí Minh,773,Quận 4,27268,Phường 08,3.0,2.0,15321
Thành phố Hồ Chí Minh,773,Quận 4,27271,Phường 10,0.0,0.0,9595
Thành phố Hồ Chí Minh,773,Quận 4,27274,Phường 05,3.0,1.0,5115
Thành phố Hồ Chí Minh,773,Quận 4,27277,Phường 18,3.0,1.0,9842
Thành phố Hồ Chí Minh,773,Quận 4,27280,Phường 14,0.0,0.0,14922
Thành phố Hồ Chí Minh,773,Quận 4,27283,Phường 04,2.0,1.0,15401
Thành phố Hồ Chí Minh,773,Quận 4,27286,Phường 03,6.0,10.0,10958
Thành phố Hồ Chí Minh,773,Quận 4,27289,Phường 16,0.0,0.0,19933
Thành phố Hồ Chí Minh,773,Quận 4,27292,Phường 02,2.0,2.0,10852
Thành phố Hồ Chí Minh,773,Quận 4,27295,Phường 15,0.0,0.0,12402
Thành phố Hồ Chí Minh,773,Quận 4,27298,Phường 01,3.0,1.0,12209
Thành phố Hồ Chí Minh,774,Quận 5,27301,Phường 04,15.0,5.0,10134
Thành phố Hồ Chí Minh,774,Quận 5,27304,Phường 09,17.0,12.0,14720
Thành phố Hồ Chí Minh,774,Quận 5,27307,Phường 03,9.0,14.0,7630
Thành phố Hồ Chí Minh,774,Quận 5,27310,Phường 12,22.0,4.0,5654
Thành phố Hồ Chí Minh,774,Quận 5,27313,Phường 02,7.0,9.0,15695
Thành phố Hồ Chí Minh,774,Quận 5,27316,Phường 08,14.0,12.0,7868
Thành phố Hồ Chí Minh,774,Quận 5,27319,Phường 15,3.0,5.0,9610
Thành phố Hồ Chí Minh,774,Quận 5,27322,Phường 07,6.0,8.0,11769
Thành phố Hồ Chí Minh,774,Quận 5,27325,Phường 01,13.0,9.0,17199
Thành phố Hồ Chí Minh,774,Quận 5,27328,Phường 11,13.0,10.0,11601
Thành phố Hồ Chí Minh,774,Quận 5,27331,Phường 14,13.0,12.0,12564
Thành phố Hồ Chí Minh,774,Quận 5,27334,Phường 05,8.0,7.0,10847
Thành phố Hồ Chí Minh,774,Quận 5,27337,Phường 06,2.0,3.0,7915
Thành phố Hồ Chí Minh,774,Quận 5,27340,Phường 10,7.0,11.0,7040
Thành phố Hồ Chí Minh,774,Quận 5,27343,Phường 13,1.0,3.0,8827
Thành phố Hồ Chí Minh,775,Quận 6,27346,Phường 14,6.0,0.0,20674
Thành phố Hồ Chí Minh,775,Quận 6,27349,Phường 13,10.0,7.0,25007
Thành phố Hồ Chí Minh,775,Quận 6,27352,Phường 09,4.0,4.0,12693
Thành phố Hồ Chí Minh,775,Quận 6,27355,Phường 06,12.0,8.0,13474
Thành phố Hồ Chí Minh,775,Quận 6,27358,Phường 12,17.0,8.0,25068
Thành phố Hồ Chí Minh,775,Quận 6,27361,Phường 05,4.0,7.0,12844
Thành phố Hồ Chí Minh,775,Quận 6,27364,Phường 11,15.0,12.0,25484
Thành phố Hồ Chí Minh,775,Quận 6,27367,Phường 02,15.0,15.0,7532
Thành phố Hồ Chí Minh,775,Quận 6,27370,Phường 01,0.0,1.0,9900
Thành phố Hồ Chí Minh,775,Quận 6,27373,Phường 04,1.0,0.0,12596
Thành phố Hồ Chí Minh,775,Quận 6,27376,Phường 08,2.0,1.0,22325
Thành phố Hồ Chí Minh,775,Quận 6,27379,Phường 03,3.0,3.0,8999
Thành phố Hồ Chí Minh,775,Quận 6,27382,Phường 07,0.0,0.0,11682
Thành phố Hồ Chí Minh,775,Quận 6,27385,Phường 10,3.0,1.0,25283
Thành phố Hồ Chí Minh,776,Quận 8,27388,Phường 08,1.0,1.0,10817
Thành phố Hồ Chí Minh,776,Quận 8,27391,Phường 02,3.0,9.0,21392
Thành phố Hồ Chí Minh,776,Quận 8,27394,Phường 01,3.0,1.0,23110
Thành phố Hồ Chí Minh,776,Quận 8,27397,Phường 03,1.0,1.0,25887
Thành phố Hồ Chí Minh,776,Quận 8,27400,Phường 11,0.0,0.0,7077
Thành phố Hồ Chí Minh,776,Quận 8,27403,Phường 09,1.0,1.0,20295
Thành phố Hồ Chí Minh,776,Quận 8,27406,Phường 10,0.0,0.0,15462
Thành phố Hồ Chí Minh,776,Quận 8,27409,Phường 04,4.0,3.0,46597
Thành phố Hồ Chí Minh,776,Quận 8,27412,Phường 13,5.0,4.0,8521
Thành phố Hồ Chí Minh,776,Quận 8,27415,Phường 12,4.0,3.0,16579
Thành phố Hồ Chí Minh,776,Quận 8,27418,Phường 05,16.0,11.0,45063
Thành phố Hồ Chí Minh,776,Quận 8,27421,Phường 14,0.0,0.0,19453
Thành phố Hồ Chí Minh,776,Quận 8,27424,Phường 06,4.0,5.0,33390
Thành phố Hồ Chí Minh,776,Quận 8,27427,Phường 15,1.0,0.0,43125
Thành phố Hồ Chí Minh,776,Quận 8,27430,Phường 16,0.0,0.0,50215
Thành phố Hồ Chí Minh,776,Quận 8,27433,Phường 07,2.0,3.0,37684
Thành phố Hồ Chí Minh,777,Quận Bình Tân,27436,Phường Bình Hưng Hòa,13.0,7.0,84966
Thành phố Hồ Chí Minh,777,Quận Bình Tân,27439,Phường Bình Hưng Hoà A,1.0,2.0,123961
Thành phố Hồ Chí Minh,777,Quận Bình Tân,27442,Phường Bình Hưng Hoà B,3.0,1.0,88849
Thành phố Hồ Chí Minh,777,Quận Bình Tân,27445,Phường Bình Trị Đông,16.0,12.0,83116
Thành phố Hồ Chí Minh,777,Quận Bình Tân,27448,Phường Bình Trị Đông A,3.0,1.0,73902
Thành phố Hồ Chí Minh,777,Quận Bình Tân,27451,Phường Bình Trị Đông B,20.0,16.0,63394
Thành phố Hồ Chí Minh,777,Quận Bình Tân,27454,Phường Tân Tạo,6.0,4.0,74883
Thành phố Hồ Chí Minh,777,Quận Bình Tân,27457,Phường Tân Tạo A,15.0,1.0,73956
Thành phố Hồ Chí Minh,777,Quận Bình Tân,27460,Phường  An Lạc,13.0,5.0,84719
Thành phố Hồ Chí Minh,777,Quận Bình Tân,27463,Phường An Lạc A,2.0,5.0,32427
Thành phố Hồ Chí Minh,778,Quận 7,27466,Phường Tân Thuận Đông,14.0,4.0,44117
Thành phố Hồ Chí Minh,778,Quận 7,27469,Phường Tân Thuận Tây,4.0,4.0,31442
Thành phố Hồ Chí Minh,778,Quận 7,27472,Phường Tân Kiểng,2.0,0.0,35853
Thành phố Hồ Chí Minh,778,Quận 7,27475,Phường Tân Hưng,13.0,5.0,44244
Thành phố Hồ Chí Minh,778,Quận 7,27478,Phường Bình Thuận,6.0,8.0,36062
Thành phố Hồ Chí Minh,778,Quận 7,27481,Phường Tân Quy,19.0,12.0,27368
Thành phố Hồ Chí Minh,778,Quận 7,27484,Phường Phú Thuận,10.0,4.0,45988
Thành phố Hồ Chí Minh,778,Quận 7,27487,Phường Tân Phú,40.0,18.0,34734
Thành phố Hồ Chí Minh,778,Quận 7,27490,Phường Tân Phong,56.0,34.0,28266
Thành phố Hồ Chí Minh,778,Quận 7,27493,Phường Phú Mỹ,6.0,3.0,32081
Thành phố Hồ Chí Minh,783,Huyện Củ Chi,27496,Thị trấn Củ Chi,18.0,16.0,23176
Thành phố Hồ Chí Minh,783,Huyện Củ Chi,27499,Xã Phú Mỹ Hưng,0.0,0.0,7406
Thành phố Hồ Chí Minh,783,Huyện Củ Chi,27502,Xã An Phú,0.0,0.0,11093
Thành phố Hồ Chí Minh,783,Huyện Củ Chi,27505,Xã Trung Lập Thượng,0.0,0.0,12669
Thành phố Hồ Chí Minh,783,Huyện Củ Chi,27508,Xã An Nhơn Tây,2.0,2.0,17770
Thành phố Hồ Chí Minh,783,Huyện Củ Chi,27511,Xã Nhuận Đức,0.0,0.0,13655
Thành phố Hồ Chí Minh,783,Huyện Củ Chi,27514,Xã Phạm Văn Cội,0.0,0.0,9534
Thành phố Hồ Chí Minh,783,Huyện Củ Chi,27517,Xã Phú Hòa Đông,1.0,0.0,25028
Thành phố Hồ Chí Minh,783,Huyện Củ Chi,27520,Xã Trung Lập Hạ,0.0,0.0,14859
Thành phố Hồ Chí Minh,783,Huyện Củ Chi,27523,Xã Trung An,3.0,0.0,26928
Thành phố Hồ Chí Minh,783,Huyện Củ Chi,27526,Xã Phước Thạnh,3.0,2.0,17611
Thành phố Hồ Chí Minh,783,Huyện Củ Chi,27529,Xã Phước Hiệp,0.0,0.0,13662
Thành phố Hồ Chí Minh,783,Huyện Củ Chi,27532,Xã Tân An Hội,6.0,1.0,31561
Thành phố Hồ Chí Minh,783,Huyện Củ Chi,27535,Xã Phước Vĩnh An,1.0,0.0,21060
Thành phố Hồ Chí Minh,783,Huyện Củ Chi,27538,Xã Thái Mỹ,0.0,0.0,13383
Thành phố Hồ Chí Minh,783,Huyện Củ Chi,27541,Xã Tân Thạnh Tây,3.0,3.0,16911
Thành phố Hồ Chí Minh,783,Huyện Củ Chi,27544,Xã Hòa Phú,1.0,0.0,17723
Thành phố Hồ Chí Minh,783,Huyện Củ Chi,27547,Xã Tân Thạnh Đông,3.0,3.0,45171
Thành phố Hồ Chí Minh,783,Huyện Củ Chi,27550,Xã Bình Mỹ,2.0,2.0,37247
Thành phố Hồ Chí Minh,783,Huyện Củ Chi,27553,Xã Tân Phú Trung,3.0,1.0,43262
Thành phố Hồ Chí Minh,783,Huyện Củ Chi,27556,Xã Tân Thông Hội,5.0,2.0,42338
Thành phố Hồ Chí Minh,784,Huyện Hóc Môn,27559,Thị trấn Hóc Môn,16.0,18.0,18145
Thành phố Hồ Chí Minh,784,Huyện Hóc Môn,27562,Xã Tân Hiệp,1.0,0.0,34031
Thành phố Hồ Chí Minh,784,Huyện Hóc Môn,27565,Xã Nhị Bình,0.0,0.0,14627
Thành phố Hồ Chí Minh,784,Huyện Hóc Môn,27568,Xã Đông Thạnh,3.0,2.0,71243
Thành phố Hồ Chí Minh,784,Huyện Hóc Môn,27571,Xã Tân Thới Nhì,1.0,0.0,30186
Thành phố Hồ Chí Minh,784,Huyện Hóc Môn,27574,Xã Thới Tam Thôn,7.0,3.0,81094
Thành phố Hồ Chí Minh,784,Huyện Hóc Môn,27577,Xã Xuân Thới Sơn,4.0,0.0,35586
Thành phố Hồ Chí Minh,784,Huyện Hóc Môn,27580,Xã Tân Xuân,5.0,1.0,28964
Thành phố Hồ Chí Minh,784,Huyện Hóc Môn,27583,Xã Xuân Thới Đông,3.0,2.0,34344
Thành phố Hồ Chí Minh,784,Huyện Hóc Môn,27586,Xã Trung Chánh,9.0,5.0,35463
Thành phố Hồ Chí Minh,784,Huyện Hóc Môn,27589,Xã Xuân Thới Thượng,2.0,2.0,72721
Thành phố Hồ Chí Minh,784,Huyện Hóc Môn,27592,Xã Bà Điểm,6.0,3.0,85839
Thành phố Hồ Chí Minh,785,Huyện Bình Chánh,27595,Thị trấn Tân Túc,5.0,2.0,22573
Thành phố Hồ Chí Minh,785,Huyện Bình Chánh,27598,Xã Phạm Văn Hai,1.0,1.0,33435
Thành phố Hồ Chí Minh,785,Huyện Bình Chánh,27601,Xã Vĩnh Lộc A,2.0,0.0,124709
Thành phố Hồ Chí Minh,785,Huyện Bình Chánh,27604,Xã Vĩnh Lộc B,3.0,3.0,121490
Thành phố Hồ Chí Minh,785,Huyện Bình Chánh,27607,Xã Bình Lợi,0.0,0.0,12328
Thành phố Hồ Chí Minh,785,Huyện Bình Chánh,27610,Xã Lê Minh Xuân,2.0,0.0,40704
Thành phố Hồ Chí Minh,785,Huyện Bình Chánh,27613,Xã Tân Nhựt,2.0,0.0,27925
Thành phố Hồ Chí Minh,785,Huyện Bình Chánh,27616,Xã Tân Kiên,1.0,2.0,60603
Thành phố Hồ Chí Minh,785,Huyện Bình Chánh,27619,Xã Bình Hưng,20.0,23.0,87001
Thành phố Hồ Chí Minh,785,Huyện Bình Chánh,27622,Xã Phong Phú,1.0,0.0,37058
Thành phố Hồ Chí Minh,785,Huyện Bình Chánh,27625,Xã An Phú Tây,0.0,0.0,21152
Thành phố Hồ Chí Minh,785,Huyện Bình Chánh,27628,Xã Hưng Long,2.0,0.0,25677
Thành phố Hồ Chí Minh,785,Huyện Bình Chánh,27631,Xã Đa Phước,0.0,0.0,24643
Thành phố Hồ Chí Minh,785,Huyện Bình Chánh,27634,Xã Tân Quý Tây,0.0,0.0,24326
Thành phố Hồ Chí Minh,785,Huyện Bình Chánh,27637,Xã Bình Chánh,5.0,8.0,27698
Thành phố Hồ Chí Minh,785,Huyện Bình Chánh,27640,Xã Quy Đức,0.0,0.0,14186
Thành phố Hồ Chí Minh,786,Huyện Nhà Bè,27643,Thị trấn Nhà Bè,7.0,10.0,45524
Thành phố Hồ Chí Minh,786,Huyện Nhà Bè,27646,Xã Phước Kiển,13.0,11.0,52752
Thành phố Hồ Chí Minh,786,Huyện Nhà Bè,27649,Xã Phước Lộc,1.0,0.0,15004
Thành phố Hồ Chí Minh,786,Huyện Nhà Bè,27652,Xã Nhơn Đức,0.0,0.0,26280
Thành phố Hồ Chí Minh,786,Huyện Nhà Bè,27655,Xã Phú Xuân,2.0,3.0,32350
Thành phố Hồ Chí Minh,786,Huyện Nhà Bè,27658,Xã Long Thới,9.0,6.0,14754
Thành phố Hồ Chí Minh,786,Huyện Nhà Bè,27661,Xã Hiệp Phước,5.0,0.0,20173
Thành phố Hồ Chí Minh,787,Huyện Cần Giờ,27664,Thị trấn Cần Thạnh,4.0,4.0,11154
Thành phố Hồ Chí Minh,787,Huyện Cần Giờ,27667,Xã Bình Khánh,1.0,2.0,20961
Thành phố Hồ Chí Minh,787,Huyện Cần Giờ,27670,Xã Tam Thôn Hiệp,0.0,0.0,5637
Thành phố Hồ Chí Minh,787,Huyện Cần Giờ,27673,Xã An Thới Đông,0.0,0.0,13281
Thành phố Hồ Chí Minh,787,Huyện Cần Giờ,27676,Xã Thạnh An,0.0,1.0,4512
Thành phố Hồ Chí Minh,787,Huyện Cần Giờ,27679,Xã Long Hòa,2.0,0.0,10715
Thành phố Hồ Chí Minh,787,Huyện Cần Giờ,27682,Xã Lý Nhơn,0.0,0.0,5266
Thành phố Hà Nội,1,Quan Ba Dinh,1,Phường Phúc Xá,0.0,1.0,21946
Thành phố Hà Nội,1,Quan Ba Dinh,4,Phường Trúc Bạch,14.0,12.0,7065
Thành phố Hà Nội,1,Quan Ba Dinh,6,Phường Vĩnh Phúc,10.0,10.0,23867
Thành phố Hà Nội,1,Quan Ba Dinh,7,Phường Cống Vị,20.0,15.0,15979
Thành phố Hà Nội,1,Quan Ba Dinh,8,Phường Liễu Giai,15.0,14.0,21084
Thành phố Hà Nội,1,Quan Ba Dinh,10,Phường Nguyễn Trung Trực,5.0,6.0,7705
Thành phố Hà Nội,1,Quan Ba Dinh,13,Phường Quán Thánh,30.0,19.0,7923
Thành phố Hà Nội,1,Quan Ba Dinh,16,Phường Ngọc Hà,11.0,4.0,19357
Thành phố Hà Nội,1,Quan Ba Dinh,19,Phường Điện Biên,29.0,12.0,8912
Thành phố Hà Nội,1,Quan Ba Dinh,22,Phường Đội Cấn,11.0,19.0,14375
Thành phố Hà Nội,1,Quan Ba Dinh,25,Phường Ngọc Khánh,26.0,19.0,20363
Thành phố Hà Nội,1,Quan Ba Dinh,28,Phường Kim Mã,12.0,9.0,14259
Thành phố Hà Nội,1,Quan Ba Dinh,31,Phường Giảng Võ,21.0,14.0,17665
Thành phố Hà Nội,1,Quan Ba Dinh,34,Phường Thành Công,23.0,17.0,21393
Thành phố Hà Nội,2,Quan Hoan Kiem,37,Phường Phúc Tân,0.0,0.0,16856
Thành phố Hà Nội,2,Quan Hoan Kiem,40,Phường Đồng Xuân,6.0,17.0,9399
Thành phố Hà Nội,2,Quan Hoan Kiem,43,Phường Hàng Mã,11.0,12.0,6971
Thành phố Hà Nội,2,Quan Hoan Kiem,46,Phường Hàng Buồm,18.0,8.0,5367
Thành phố Hà Nội,2,Quan Hoan Kiem,49,Phường Hàng Đào,2.0,3.0,5393
Thành phố Hà Nội,2,Quan Hoan Kiem,52,Phường Hàng Bồ,13.0,9.0,5243
Thành phố Hà Nội,2,Quan Hoan Kiem,55,Phường Cửa Đông,11.0,17.0,6170
Thành phố Hà Nội,2,Quan Hoan Kiem,58,Phường Lý Thái Tổ,31.0,23.0,5152
Thành phố Hà Nội,2,Quan Hoan Kiem,61,Phường Hàng Bạc,7.0,7.0,5194
Thành phố Hà Nội,2,Quan Hoan Kiem,64,Phường Hàng Gai,6.0,4.0,5787
Thành phố Hà Nội,2,Quan Hoan Kiem,67,Phường Chương Dương,2.0,0.0,22946
Thành phố Hà Nội,2,Quan Hoan Kiem,70,Phường Hàng Trống,25.0,9.0,5524
Thành phố Hà Nội,2,Quan Hoan Kiem,73,Phường Cửa Nam,21.0,26.0,6385
Thành phố Hà Nội,2,Quan Hoan Kiem,76,Phường Hàng Bông,13.0,8.0,7206
Thành phố Hà Nội,2,Quan Hoan Kiem,79,Phường Tràng Tiền,37.0,18.0,4656
Thành phố Hà Nội,2,Quan Hoan Kiem,82,Phường Trần Hưng Đạo,52.0,22.0,7039
Thành phố Hà Nội,2,Quan Hoan Kiem,85,Phường Phan Chu Trinh,28.0,18.0,4846
Thành phố Hà Nội,2,Quan Hoan Kiem,88,Phường Hàng Bài,29.0,19.0,5484
Thành phố Hà Nội,3,Quan Tay Ho,91,Phường Phú Thượng,6.0,4.0,26071
Thành phố Hà Nội,3,Quan Tay Ho,94,Phường Nhật Tân,4.0,2.0,15597
Thành phố Hà Nội,3,Quan Tay Ho,97,Phường Tứ Liên,0.0,2.0,18360
Thành phố Hà Nội,3,Quan Tay Ho,100,Phường Quảng An,22.0,4.0,10290
Thành phố Hà Nội,3,Quan Tay Ho,103,Phường Xuân La,16.0,24.0,27500
Thành phố Hà Nội,3,Quan Tay Ho,106,Phường Yên Phụ,10.0,10.0,23301
Thành phố Hà Nội,3,Quan Tay Ho,109,Phường Bưởi,5.0,6.0,24778
Thành phố Hà Nội,3,Quan Tay Ho,112,Phường Thụy Khuê,13.0,16.0,14598
Thành phố Hà Nội,4,Quan Long Bien,115,Phường Thượng Thanh,2.0,2.0,28936
Thành phố Hà Nội,4,Quan Long Bien,118,Phường Ngọc Thụy,3.0,1.0,39565
Thành phố Hà Nội,4,Quan Long Bien,121,Phường Giang Biên,1.0,3.0,24315
Thành phố Hà Nội,4,Quan Long Bien,124,Phường Đức Giang,18.0,19.0,27694
Thành phố Hà Nội,4,Quan Long Bien,127,Phường Việt Hưng,5.0,2.0,22375
Thành phố Hà Nội,4,Quan Long Bien,130,Phường Gia Thụy,14.0,10.0,15076
Thành phố Hà Nội,4,Quan Long Bien,133,Phường Ngọc Lâm,23.0,24.0,23923
Thành phố Hà Nội,4,Quan Long Bien,136,Phường Phúc Lợi,2.0,2.0,19019
Thành phố Hà Nội,4,Quan Long Bien,139,Phường Bồ Đề,12.0,8.0,31466
Thành phố Hà Nội,4,Quan Long Bien,142,Phường Sài Đồng,16.0,6.0,17655
Thành phố Hà Nội,4,Quan Long Bien,145,Phường Long Biên,10.0,0.0,22028
Thành phố Hà Nội,4,Quan Long Bien,148,Phường Thạch Bàn,0.0,1.0,26427
Thành phố Hà Nội,4,Quan Long Bien,151,Phường Phúc Đồng,12.0,6.0,14211
Thành phố Hà Nội,4,Quan Long Bien,154,Phường Cự Khối,0.0,0.0,9859
Thành phố Hà Nội,5,Quan Cau Giay,157,Phường Nghĩa Đô,28.0,29.0,34636
Thành phố Hà Nội,5,Quan Cau Giay,160,Phường Nghĩa Tân,21.0,15.0,21794
Thành phố Hà Nội,5,Quan Cau Giay,163,Phường Mai Dịch,22.0,13.0,40511
Thành phố Hà Nội,5,Quan Cau Giay,166,Phường Dịch Vọng,33.0,23.0,28226
Thành phố Hà Nội,5,Quan Cau Giay,167,Phường Dịch Vọng Hậu,44.0,24.0,31541
Thành phố Hà Nội,5,Quan Cau Giay,169,Phường Quan Hoa,22.0,25.0,34886
Thành phố Hà Nội,5,Quan Cau Giay,172,Phường Yên Hoà,20.0,26.0,46766
Thành phố Hà Nội,5,Quan Cau Giay,175,Phường Trung Hoà,68.0,50.0,54176
Thành phố Hà Nội,6,Quan Dong Da,178,Phường Cát Linh,16.0,13.0,11185
Thành phố Hà Nội,6,Quan Dong Da,181,Phường Văn Miếu,6.0,5.0,9554
Thành phố Hà Nội,6,Quan Dong Da,184,Phường Quốc Tử Giám,4.0,8.0,8087
Thành phố Hà Nội,6,Quan Dong Da,187,Phường Láng Thượng,25.0,19.0,39173
Thành phố Hà Nội,6,Quan Dong Da,190,Phường Ô Chợ Dừa,25.0,35.0,34039
Thành phố Hà Nội,6,Quan Dong Da,193,Phường Văn Chương,0.0,0.0,16614
Thành phố Hà Nội,6,Quan Dong Da,196,Phường Hàng Bột,6.0,6.0,18375
Thành phố Hà Nội,6,Quan Dong Da,199,Phường Láng Hạ,39.0,37.0,29897
Thành phố Hà Nội,6,Quan Dong Da,202,Phường Khâm Thiên,7.0,7.0,9595
Thành phố Hà Nội,6,Quan Dong Da,205,Phường Thổ Quan,11.0,11.0,17398
Thành phố Hà Nội,6,Quan Dong Da,208,Phường Nam Đồng,11.0,13.0,14721
Thành phố Hà Nội,6,Quan Dong Da,211,Phường Trung Phụng,0.0,0.0,16607
Thành phố Hà Nội,6,Quan Dong Da,214,Phường Quang Trung,15.0,17.0,14434
Thành phố Hà Nội,6,Quan Dong Da,217,Phường Trung Liệt,31.0,27.0,26373
Thành phố Hà Nội,6,Quan Dong Da,220,Phường Phương Liên,14.0,13.0,17022
Thành phố Hà Nội,6,Quan Dong Da,223,Phường Thịnh Quang,9.0,11.0,18201
Thành phố Hà Nội,6,Quan Dong Da,226,Phường Trung Tự,4.0,5.0,13083
Thành phố Hà Nội,6,Quan Dong Da,229,Phường Kim Liên,14.0,8.0,14092
Thành phố Hà Nội,6,Quan Dong Da,232,Phường Phương Mai,20.0,14.0,19934
Thành phố Hà Nội,6,Quan Dong Da,235,Phường Ngã Tư Sở,10.0,12.0,7653
Thành phố Hà Nội,6,Quan Dong Da,238,Phường Khương Thượng,1.0,3.0,15569
Thành phố Hà Nội,7,Quan Hai Ba Trung,241,Phường Nguyễn Du,13.0,10.0,5978
Thành phố Hà Nội,7,Quan Hai Ba Trung,244,Phường Bạch Đằng,5.0,2.0,19795
Thành phố Hà Nội,7,Quan Hai Ba Trung,247,Phường Phạm Đình Hổ,7.0,10.0,6812
Thành phố Hà Nội,7,Quan Hai Ba Trung,250,Phường Bùi Thị Xuân,9.0,12.0,3826
Thành phố Hà Nội,7,Quan Hai Ba Trung,253,Phường Ngô Thì Nhậm,19.0,21.0,5013
Thành phố Hà Nội,7,Quan Hai Ba Trung,256,Phường Lê Đại Hành,26.0,18.0,8464
Thành phố Hà Nội,7,Quan Hai Ba Trung,259,Phường Đồng Nhân,1.0,0.0,8690
Thành phố Hà Nội,7,Quan Hai Ba Trung,262,Phường Phố Huế,6.0,7.0,8955
Thành phố Hà Nội,7,Quan Hai Ba Trung,265,Phường Đống Mác,5.0,15.0,8647
Thành phố Hà Nội,7,Quan Hai Ba Trung,268,Phường Thanh Lương,1.0,0.0,24812
Thành phố Hà Nội,7,Quan Hai Ba Trung,271,Phường Thanh Nhàn,9.0,15.0,21170
Thành phố Hà Nội,7,Quan Hai Ba Trung,274,Phường Cầu Dền,1.0,4.0,11797
Thành phố Hà Nội,7,Quan Hai Ba Trung,277,Phường Bách Khoa,11.0,12.0,13950
Thành phố Hà Nội,7,Quan Hai Ba Trung,280,Phường Đồng Tâm,19.0,15.0,19973
Thành phố Hà Nội,7,Quan Hai Ba Trung,283,Phường Vĩnh Tuy,18.0,24.0,51644
Thành phố Hà Nội,7,Quan Hai Ba Trung,286,Phường Bạch Mai,5.0,11.0,16241
Thành phố Hà Nội,7,Quan Hai Ba Trung,289,Phường Quỳnh Mai,2.0,3.0,11946
Thành phố Hà Nội,7,Quan Hai Ba Trung,292,Phường Quỳnh Lôi,0.0,1.0,14787
Thành phố Hà Nội,7,Quan Hai Ba Trung,295,Phường Minh Khai,21.0,12.0,19822
Thành phố Hà Nội,7,Quan Hai Ba Trung,298,Phường Trương Định,8.0,5.0,21264
Thành phố Hà Nội,8,Quan Hoang Mai,301,Phường Thanh Trì,0.0,0.0,25110
Thành phố Hà Nội,8,Quan Hoang Mai,304,Phường Vĩnh Hưng,2.0,2.0,38652
Thành phố Hà Nội,8,Quan Hoang Mai,307,Phường Định Công,13.0,16.0,48671
Thành phố Hà Nội,8,Quan Hoang Mai,310,Phường Mai Động,5.0,1.0,48966
Thành phố Hà Nội,8,Quan Hoang Mai,313,Phường Tương Mai,5.0,9.0,28344
Thành phố Hà Nội,8,Quan Hoang Mai,316,Phường Đại Kim,20.0,12.0,48505
Thành phố Hà Nội,8,Quan Hoang Mai,319,Phường Tân Mai,5.0,9.0,24523
Thành phố Hà Nội,8,Quan Hoang Mai,322,Phường Hoàng Văn Thụ,8.0,11.0,39489
Thành phố Hà Nội,8,Quan Hoang Mai,325,Phường Giáp Bát,12.0,14.0,16625
Thành phố Hà Nội,8,Quan Hoang Mai,328,Phường Lĩnh Nam,3.0,3.0,30900
Thành phố Hà Nội,8,Quan Hoang Mai,331,Phường Thịnh Liệt,4.0,4.0,40286
Thành phố Hà Nội,8,Quan Hoang Mai,334,Phường Trần Phú,1.0,3.0,14152
Thành phố Hà Nội,8,Quan Hoang Mai,337,Phường Hoàng Liệt,13.0,14.0,78845
Thành phố Hà Nội,8,Quan Hoang Mai,340,Phường Yên Sở,4.0,2.0,23279
Thành phố Hà Nội,9,Quan Thanh Xuan,343,Phường Nhân Chính,32.0,37.0,51306
Thành phố Hà Nội,9,Quan Thanh Xuan,346,Phường Thượng Đình,19.0,12.0,29021
Thành phố Hà Nội,9,Quan Thanh Xuan,349,Phường Khương Trung,9.0,17.0,35687
Thành phố Hà Nội,9,Quan Thanh Xuan,352,Phường Khương Mai,19.0,30.0,21885
Thành phố Hà Nội,9,Quan Thanh Xuan,355,Phường Thanh Xuân Trung,25.0,10.0,31370
Thành phố Hà Nội,9,Quan Thanh Xuan,358,Phường Phương Liệt,14.0,8.0,24619
Thành phố Hà Nội,9,Quan Thanh Xuan,361,Phường Hạ Đình,0.0,2.0,18111
Thành phố Hà Nội,9,Quan Thanh Xuan,364,Phường Khương Đình,1.0,1.0,35286
Thành phố Hà Nội,9,Quan Thanh Xuan,367,Phường Thanh Xuân Bắc,9.0,4.0,20659
Thành phố Hà Nội,9,Quan Thanh Xuan,370,Phường Thanh Xuân Nam,9.0,6.0,12436
Thành phố Hà Nội,9,Quan Thanh Xuan,373,Phường Kim Giang,1.0,2.0,13144
Thành phố Hà Nội,16,Huyen Soc Son,376,Thị trấn Sóc Sơn,13.0,13.0,4849
Thành phố Hà Nội,16,Huyen Soc Son,379,Xã Bắc Sơn,0.0,0.0,17017
Thành phố Hà Nội,16,Huyen Soc Son,382,Xã Minh Trí,0.0,0.0,14729
Thành phố Hà Nội,16,Huyen Soc Son,385,Xã Hồng Kỳ,0.0,0.0,12559
Thành phố Hà Nội,16,Huyen Soc Son,388,Xã Nam Sơn,0.0,0.0,9422
Thành phố Hà Nội,16,Huyen Soc Son,391,Xã Trung Giã,3.0,2.0,14732
Thành phố Hà Nội,16,Huyen Soc Son,394,Xã Tân Hưng,0.0,0.0,11448
Thành phố Hà Nội,16,Huyen Soc Son,397,Xã Minh Phú,0.0,0.0,13430
Thành phố Hà Nội,16,Huyen Soc Son,400,Xã Phù Linh,4.0,0.0,12308
Thành phố Hà Nội,16,Huyen Soc Son,403,Xã Bắc Phú,0.0,0.0,11572
Thành phố Hà Nội,16,Huyen Soc Son,406,Xã Tân Minh,0.0,0.0,17953
Thành phố Hà Nội,16,Huyen Soc Son,409,Xã Quang Tiến,5.0,2.0,11339
Thành phố Hà Nội,16,Huyen Soc Son,412,Xã Hiền Ninh,0.0,0.0,13081
Thành phố Hà Nội,16,Huyen Soc Son,415,Xã Tân Dân,1.0,0.0,15462
Thành phố Hà Nội,16,Huyen Soc Son,418,Xã Tiên Dược,2.0,0.0,19313
Thành phố Hà Nội,16,Huyen Soc Son,421,Xã Việt Long,0.0,0.0,9130
Thành phố Hà Nội,16,Huyen Soc Son,424,Xã Xuân Giang,0.0,1.0,10710
Thành phố Hà Nội,16,Huyen Soc Son,427,Xã Mai Đình,1.0,0.0,21899
Thành phố Hà Nội,16,Huyen Soc Son,430,Xã Đức Hoà,0.0,0.0,8929
Thành phố Hà Nội,16,Huyen Soc Son,433,Xã Thanh Xuân,1.0,2.0,14503
Thành phố Hà Nội,16,Huyen Soc Son,436,Xã Đông Xuân,1.0,0.0,13983
Thành phố Hà Nội,16,Huyen Soc Son,439,Xã Kim Lũ,0.0,0.0,11131
Thành phố Hà Nội,16,Huyen Soc Son,442,Xã Phú Cường,9.0,3.0,14124
Thành phố Hà Nội,16,Huyen Soc Son,445,Xã Phú Minh,13.0,6.0,10943
Thành phố Hà Nội,16,Huyen Soc Son,448,Xã Phù Lỗ,3.0,5.0,17471
Thành phố Hà Nội,16,Huyen Soc Son,451,Xã Xuân Thu,0.0,0.0,11395
Thành phố Hà Nội,17,Huyen Dong Anh,454,Thị trấn Đông Anh,25.0,12.0,25274
Thành phố Hà Nội,17,Huyen Dong Anh,457,Xã Xuân Nộn,0.0,0.0,16511
Thành phố Hà Nội,17,Huyen Dong Anh,460,Xã Thuỵ Lâm,0.0,0.0,20089
Thành phố Hà Nội,17,Huyen Dong Anh,463,Xã Bắc Hồng,0.0,0.0,13831
Thành phố Hà Nội,17,Huyen Dong Anh,466,Xã Nguyên Khê,2.0,1.0,15982
Thành phố Hà Nội,17,Huyen Dong Anh,469,Xã Nam Hồng,1.0,1.0,16062
Thành phố Hà Nội,17,Huyen Dong Anh,472,Xã Tiên Dương,0.0,0.0,19017
Thành phố Hà Nội,17,Huyen Dong Anh,475,Xã Vân Hà,0.0,2.0,11277
Thành phố Hà Nội,17,Huyen Dong Anh,478,Xã Uy Nỗ,5.0,5.0,21464
Thành phố Hà Nội,17,Huyen Dong Anh,481,Xã Vân Nội,2.0,3.0,12836
Thành phố Hà Nội,17,Huyen Dong Anh,484,Xã Liên Hà,2.0,3.0,17741
Thành phố Hà Nội,17,Huyen Dong Anh,487,Xã Việt Hùng,0.0,0.0,19689
Thành phố Hà Nội,17,Huyen Dong Anh,490,Xã Kim Nỗ,0.0,0.0,14644
Thành phố Hà Nội,17,Huyen Dong Anh,493,Xã Kim Chung,15.0,4.0,31817
Thành phố Hà Nội,17,Huyen Dong Anh,496,Xã Dục Tú,0.0,3.0,18057
Thành phố Hà Nội,17,Huyen Dong Anh,499,Xã Đại Mạch,0.0,0.0,16602
Thành phố Hà Nội,17,Huyen Dong Anh,502,Xã Vĩnh Ngọc,0.0,0.0,15905
Thành phố Hà Nội,17,Huyen Dong Anh,505,Xã Cổ Loa,2.0,1.0,19639
Thành phố Hà Nội,17,Huyen Dong Anh,508,Xã Hải Bối,5.0,3.0,20901
Thành phố Hà Nội,17,Huyen Dong Anh,511,Xã Xuân Canh,0.0,1.0,12159
Thành phố Hà Nội,17,Huyen Dong Anh,514,Xã Võng La,1.0,0.0,14206
Thành phố Hà Nội,17,Huyen Dong Anh,517,Xã Tàm Xá,0.0,0.0,5058
Thành phố Hà Nội,17,Huyen Dong Anh,520,Xã Mai Lâm,1.0,2.0,14185
Thành phố Hà Nội,17,Huyen Dong Anh,523,Xã Đông Hội,0.0,0.0,12803
Thành phố Hà Nội,18,Huyen Gia Lam,526,Thị trấn Yên Viên,5.0,7.0,12679
Thành phố Hà Nội,18,Huyen Gia Lam,529,Xã Yên Thường,1.0,1.0,17894
Thành phố Hà Nội,18,Huyen Gia Lam,532,Xã Yên Viên,2.0,0.0,13794
Thành phố Hà Nội,18,Huyen Gia Lam,535,Xã Ninh Hiệp,4.0,5.0,17965
Thành phố Hà Nội,18,Huyen Gia Lam,538,Xã Đình Xuyên,0.0,0.0,11240
Thành phố Hà Nội,18,Huyen Gia Lam,541,Xã Dương Hà,0.0,0.0,7211
Thành phố Hà Nội,18,Huyen Gia Lam,544,Xã Phù Đổng,0.0,0.0,13686
Thành phố Hà Nội,18,Huyen Gia Lam,547,Xã Trung Mầu,0.0,0.0,5890
Thành phố Hà Nội,18,Huyen Gia Lam,550,Xã Lệ Chi,2.0,0.0,12419
Thành phố Hà Nội,18,Huyen Gia Lam,553,Xã Cổ Bi,1.0,2.0,15354
Thành phố Hà Nội,18,Huyen Gia Lam,556,Xã Đặng Xá,2.0,1.0,20849
Thành phố Hà Nội,18,Huyen Gia Lam,559,Xã Phú Thị,3.0,3.0,9257
Thành phố Hà Nội,18,Huyen Gia Lam,562,Xã Kim Sơn,0.0,0.0,13465
Thành phố Hà Nội,18,Huyen Gia Lam,565,Thị trấn Trâu Quỳ,16.0,10.0,32180
Thành phố Hà Nội,18,Huyen Gia Lam,568,Xã Dương Quang,0.0,0.0,13126
Thành phố Hà Nội,18,Huyen Gia Lam,571,Xã Dương Xá,1.0,1.0,13947
Thành phố Hà Nội,18,Huyen Gia Lam,574,Xã Đông Dư,0.0,1.0,6231
Thành phố Hà Nội,18,Huyen Gia Lam,577,Xã Đa Tốn,1.0,1.0,13239
Thành phố Hà Nội,18,Huyen Gia Lam,580,Xã Kiêu Kỵ,1.0,0.0,13051
Thành phố Hà Nội,18,Huyen Gia Lam,583,Xã Bát Tràng,2.0,1.0,8622
Thành phố Hà Nội,18,Huyen Gia Lam,586,Xã Kim Lan,0.0,0.0,6346
Thành phố Hà Nội,18,Huyen Gia Lam,589,Xã Văn Đức,0.0,0.0,7657
Thành phố Hà Nội,19,Quan Nam Tu Liem,592,Phường Cầu Diễn,12.0,9.0,26089
Thành phố Hà Nội,19,Quan Nam Tu Liem,622,Phường Xuân Phương,2.0,0.0,17095
Thành phố Hà Nội,19,Quan Nam Tu Liem,623,Phường Phương Canh,2.0,1.0,18089
Thành phố Hà Nội,19,Quan Nam Tu Liem,625,Phường Mỹ Đình 1,22.0,24.0,27147
Thành phố Hà Nội,19,Quan Nam Tu Liem,626,Phường Mỹ Đình 2,24.0,21.0,32207
Thành phố Hà Nội,19,Quan Nam Tu Liem,628,Phường Tây Mỗ,3.0,1.0,25497
Thành phố Hà Nội,19,Quan Nam Tu Liem,631,Phường Mễ Trì,35.0,10.0,30589
Thành phố Hà Nội,19,Quan Nam Tu Liem,632,Phường Phú Đô,0.0,1.0,15334
Thành phố Hà Nội,19,Quan Nam Tu Liem,634,Phường Đại Mỗ,1.0,2.0,30906
Thành phố Hà Nội,19,Quan Nam Tu Liem,637,Phường Trung Văn,13.0,10.0,41293
Thành phố Hà Nội,20,Huyen Thanh Tri,640,Thị trấn Văn Điển,12.0,9.0,16762
Thành phố Hà Nội,20,Huyen Thanh Tri,643,Xã Tân Triều,7.0,7.0,34996
Thành phố Hà Nội,20,Huyen Thanh Tri,646,Xã Thanh Liệt,2.0,1.0,19107
Thành phố Hà Nội,20,Huyen Thanh Tri,649,Xã Tả Thanh Oai,4.0,3.0,39492
Thành phố Hà Nội,20,Huyen Thanh Tri,652,Xã Hữu Hoà,0.0,0.0,11457
Thành phố Hà Nội,20,Huyen Thanh Tri,655,Xã Tam Hiệp,4.0,0.0,16546
Thành phố Hà Nội,20,Huyen Thanh Tri,658,Xã Tứ Hiệp,1.0,0.0,19420
Thành phố Hà Nội,20,Huyen Thanh Tri,661,Xã Yên Mỹ,0.0,0.0,5915
Thành phố Hà Nội,20,Huyen Thanh Tri,664,Xã Vĩnh Quỳnh,0.0,0.0,26997
Thành phố Hà Nội,20,Huyen Thanh Tri,667,Xã Ngũ Hiệp,0.0,2.0,15628
Thành phố Hà Nội,20,Huyen Thanh Tri,670,Xã Duyên Hà,0.0,0.0,6230
Thành phố Hà Nội,20,Huyen Thanh Tri,673,Xã Ngọc Hồi,2.0,0.0,13212
Thành phố Hà Nội,20,Huyen Thanh Tri,676,Xã Vạn Phúc,0.0,0.0,13300
Thành phố Hà Nội,20,Huyen Thanh Tri,679,Xã Đại áng,0.0,0.0,11477
Thành phố Hà Nội,20,Huyen Thanh Tri,682,Xã Liên Ninh,1.0,0.0,16121
Thành phố Hà Nội,20,Huyen Thanh Tri,685,Xã Đông Mỹ,2.0,1.0,9085
Thành phố Hà Nội,21,Quan Bac Tu Liem,595,Phường Thượng Cát,0.0,0.0,8074
Thành phố Hà Nội,21,Quan Bac Tu Liem,598,Phường Liên Mạc,0.0,0.0,10529
Thành phố Hà Nội,21,Quan Bac Tu Liem,601,Phường Đông Ngạc,5.0,3.0,24206
Thành phố Hà Nội,21,Quan Bac Tu Liem,602,Phường Đức Thắng,4.0,2.0,19395
Thành phố Hà Nội,21,Quan Bac Tu Liem,604,Phường Thụy Phương,0.0,0.0,13367
Thành phố Hà Nội,21,Quan Bac Tu Liem,607,Phường Tây Tựu,2.0,1.0,20221
Thành phố Hà Nội,21,Quan Bac Tu Liem,610,Phường Xuân Đỉnh,3.0,8.0,40345
Thành phố Hà Nội,21,Quan Bac Tu Liem,611,Phường Xuân Tảo,3.0,1.0,18368
Thành phố Hà Nội,21,Quan Bac Tu Liem,613,Phường Minh Khai,1.0,1.0,29760
Thành phố Hà Nội,21,Quan Bac Tu Liem,616,Phường Cổ Nhuế 1,17.0,10.0,46104
Thành phố Hà Nội,21,Quan Bac Tu Liem,617,Phường Cổ Nhuế 2,5.0,1.0,42510
Thành phố Hà Nội,21,Quan Bac Tu Liem,619,Phường Phú Diễn,6.0,5.0,39512
Thành phố Hà Nội,21,Quan Bac Tu Liem,620,Phường Phúc Diễn,11.0,7.0,22719
Thành phố Hà Nội,250,Huyen Me Linh,8973,Thị trấn Chi Đông,2.0,0.0,12758
Thành phố Hà Nội,250,Huyen Me Linh,8974,Xã Đại Thịnh,3.0,3.0,12787
Thành phố Hà Nội,250,Huyen Me Linh,8977,Xã Kim Hoa,0.0,0.0,11599
Thành phố Hà Nội,250,Huyen Me Linh,8980,Xã Thạch Đà,2.0,1.0,14267
Thành phố Hà Nội,250,Huyen Me Linh,8983,Xã Tiến Thắng,0.0,0.0,14930
Thành phố Hà Nội,250,Huyen Me Linh,8986,Xã Tự Lập,0.0,0.0,12138
Thành phố Hà Nội,250,Huyen Me Linh,8989,Thị trấn Quang Minh,14.0,4.0,24639
Thành phố Hà Nội,250,Huyen Me Linh,8992,Xã Thanh Lâm,0.0,1.0,18580
Thành phố Hà Nội,250,Huyen Me Linh,8995,Xã Tam Đồng,0.0,0.0,9594
Thành phố Hà Nội,250,Huyen Me Linh,8998,Xã Liên Mạc,0.0,0.0,15724
Thành phố Hà Nội,250,Huyen Me Linh,9001,Xã Vạn Yên,0.0,0.0,5184
Thành phố Hà Nội,250,Huyen Me Linh,9004,Xã Chu Phan,0.0,0.0,10565
Thành phố Hà Nội,250,Huyen Me Linh,9007,Xã Tiến Thịnh,0.0,0.0,11418
Thành phố Hà Nội,250,Huyen Me Linh,9010,Xã Mê Linh,1.0,0.0,13713
Thành phố Hà Nội,250,Huyen Me Linh,9013,Xã Văn Khê,0.0,0.0,15558
Thành phố Hà Nội,250,Huyen Me Linh,9016,Xã Hoàng Kim,0.0,0.0,6132
Thành phố Hà Nội,250,Huyen Me Linh,9019,Xã Tiền Phong,3.0,4.0,19493
Thành phố Hà Nội,250,Huyen Me Linh,9022,Xã Tráng Việt,0.0,0.0,11476
Thành phố Hà Nội,268,Quan Ha Dong,9538,Phường Nguyễn Trãi,10.0,10.0,12459
Thành phố Hà Nội,268,Quan Ha Dong,9541,Phường Mộ Lao,21.0,12.0,34072
Thành phố Hà Nội,268,Quan Ha Dong,9542,Phường Văn Quán,20.0,19.0,26389
Thành phố Hà Nội,268,Quan Ha Dong,9544,Phường Vạn Phúc,6.0,4.0,18877
Thành phố Hà Nội,268,Quan Ha Dong,9547,Phường Yết Kiêu,0.0,2.0,6081
Thành phố Hà Nội,268,Quan Ha Dong,9550,Phường Quang Trung,21.0,16.0,17242
Thành phố Hà Nội,268,Quan Ha Dong,9551,Phường La Khê,4.0,7.0,39405
Thành phố Hà Nội,268,Quan Ha Dong,9552,Phường Phú La,4.0,4.0,24038
Thành phố Hà Nội,268,Quan Ha Dong,9553,Phường Phúc La,9.0,12.0,32173
Thành phố Hà Nội,268,Quan Ha Dong,9556,Phường Hà Cầu,9.0,3.0,22439
Thành phố Hà Nội,268,Quan Ha Dong,9562,Phường Yên Nghĩa,1.0,1.0,30824
Thành phố Hà Nội,268,Quan Ha Dong,9565,Phường Kiến Hưng,1.0,1.0,34375
Thành phố Hà Nội,268,Quan Ha Dong,9568,Phường Phú Lãm,1.0,1.0,15608
Thành phố Hà Nội,268,Quan Ha Dong,9571,Phường Phú Lương,0.0,0.0,26888
Thành phố Hà Nội,268,Quan Ha Dong,9886,Phường Dương Nội,3.0,2.0,32265
Thành phố Hà Nội,268,Quan Ha Dong,10117,Phường Đồng Mai,0.0,0.0,16367
Thành phố Hà Nội,268,Quan Ha Dong,10123,Phường Biên Giang,0.0,0.0,8352
Thành phố Hà Nội,269,Thi xa Son Tay,9574,Phường Lê Lợi,12.0,7.0,7974
Thành phố Hà Nội,269,Thi xa Son Tay,9577,Phường Phú Thịnh,1.0,2.0,8380
Thành phố Hà Nội,269,Thi xa Son Tay,9580,Phường Ngô Quyền,0.0,0.0,5551
Thành phố Hà Nội,269,Thi xa Son Tay,9583,Phường Quang Trung,0.0,2.0,8235
Thành phố Hà Nội,269,Thi xa Son Tay,9586,Phường Sơn Lộc,9.0,9.0,9732
Thành phố Hà Nội,269,Thi xa Son Tay,9589,Phường Xuân Khanh,4.0,2.0,10037
Thành phố Hà Nội,269,Thi xa Son Tay,9592,Xã Đường Lâm,0.0,0.0,10559
Thành phố Hà Nội,269,Thi xa Son Tay,9595,Phường Viên Sơn,0.0,0.0,7267
Thành phố Hà Nội,269,Thi xa Son Tay,9598,Xã Xuân Sơn,1.0,0.0,8769
Thành phố Hà Nội,269,Thi xa Son Tay,9601,Phường Trung Hưng,0.0,0.0,10735
Thành phố Hà Nội,269,Thi xa Son Tay,9604,Xã Thanh Mỹ,1.0,0.0,11145
Thành phố Hà Nội,269,Thi xa Son Tay,9607,Phường Trung Sơn Trầm,1.0,0.0,9045
Thành phố Hà Nội,269,Thi xa Son Tay,9610,Xã Kim Sơn,0.0,0.0,6696
Thành phố Hà Nội,269,Thi xa Son Tay,9613,Xã Sơn Đông,1.0,0.0,14950
Thành phố Hà Nội,269,Thi xa Son Tay,9616,Xã Cổ Đông,2.0,1.0,16781
Thành phố Hà Nội,271,Huyen Ba Vi,9619,Thị trấn Tây Đằng,3.0,3.0,15582
Thành phố Hà Nội,271,Huyen Ba Vi,9625,Xã Phú Cường,0.0,0.0,5268
Thành phố Hà Nội,271,Huyen Ba Vi,9628,Xã Cổ Đô,0.0,0.0,8211
Thành phố Hà Nội,271,Huyen Ba Vi,9631,Xã Tản Hồng,0.0,0.0,12417
Thành phố Hà Nội,271,Huyen Ba Vi,9634,Xã Vạn Thắng,0.0,1.0,15446
Thành phố Hà Nội,271,Huyen Ba Vi,9637,Xã Châu Sơn,0.0,0.0,4661
Thành phố Hà Nội,271,Huyen Ba Vi,9640,Xã Phong Vân,0.0,0.0,6887
Thành phố Hà Nội,271,Huyen Ba Vi,9643,Xã Phú Đông,0.0,0.0,5109
Thành phố Hà Nội,271,Huyen Ba Vi,9646,Xã Phú Phương,0.0,0.0,5901
Thành phố Hà Nội,271,Huyen Ba Vi,9649,Xã Phú Châu,0.0,0.0,10938
Thành phố Hà Nội,271,Huyen Ba Vi,9652,Xã Thái Hòa,0.0,0.0,8855
Thành phố Hà Nội,271,Huyen Ba Vi,9655,Xã Đồng Thái,0.0,0.0,12609
Thành phố Hà Nội,271,Huyen Ba Vi,9658,Xã Phú Sơn,0.0,0.0,9769
Thành phố Hà Nội,271,Huyen Ba Vi,9661,Xã Minh Châu,0.0,0.0,5873
Thành phố Hà Nội,271,Huyen Ba Vi,9664,Xã Vật Lại,0.0,0.0,13932
Thành phố Hà Nội,271,Huyen Ba Vi,9667,Xã Chu Minh,1.0,0.0,7940
Thành phố Hà Nội,271,Huyen Ba Vi,9670,Xã Tòng Bạt,0.0,0.0,10048
Thành phố Hà Nội,271,Huyen Ba Vi,9673,Xã Cẩm Lĩnh,0.0,0.0,11809
Thành phố Hà Nội,271,Huyen Ba Vi,9676,Xã Sơn Đà,0.0,1.0,9289
Thành phố Hà Nội,271,Huyen Ba Vi,9679,Xã Đông Quang,1.0,0.0,5186
Thành phố Hà Nội,271,Huyen Ba Vi,9682,Xã Tiên Phong,0.0,1.0,8103
Thành phố Hà Nội,271,Huyen Ba Vi,9685,Xã Thụy An,0.0,0.0,9671
Thành phố Hà Nội,271,Huyen Ba Vi,9688,Xã Cam Thượng,0.0,0.0,7312
Thành phố Hà Nội,271,Huyen Ba Vi,9691,Xã Thuần Mỹ,0.0,0.0,6139
Thành phố Hà Nội,271,Huyen Ba Vi,9694,Xã Tản Lĩnh,1.0,1.0,15269
Thành phố Hà Nội,271,Huyen Ba Vi,9697,Xã Ba Trại,0.0,0.0,14558
Thành phố Hà Nội,271,Huyen Ba Vi,9700,Xã Minh Quang,0.0,0.0,12635
Thành phố Hà Nội,271,Huyen Ba Vi,9703,Xã Ba Vì,0.0,0.0,2279
Thành phố Hà Nội,271,Huyen Ba Vi,9706,Xã Vân Hòa,0.0,0.0,11618
Thành phố Hà Nội,271,Huyen Ba Vi,9709,Xã Yên Bài,0.0,0.0,8846
Thành phố Hà Nội,271,Huyen Ba Vi,9712,Xã Khánh Thượng,0.0,0.0,8420
Thành phố Hà Nội,272,Huyen Phuc Tho,9715,Thị trấn Phúc Thọ,4.0,4.0,8720
Thành phố Hà Nội,272,Huyen Phuc Tho,9718,Xã Vân Hà,0.0,0.0,2118
Thành phố Hà Nội,272,Huyen Phuc Tho,9721,Xã Vân Phúc,0.0,1.0,6314
Thành phố Hà Nội,272,Huyen Phuc Tho,9724,Xã Vân Nam,0.0,0.0,6495
Thành phố Hà Nội,272,Huyen Phuc Tho,9727,Xã Xuân Phú,0.0,0.0,5732
Thành phố Hà Nội,272,Huyen Phuc Tho,9730,Xã Phương Độ,0.0,0.0,1710
Thành phố Hà Nội,272,Huyen Phuc Tho,9733,Xã Sen Chiểu,0.0,0.0,10042
Thành phố Hà Nội,272,Huyen Phuc Tho,9736,Xã Cẩm Đình,0.0,0.0,3080
Thành phố Hà Nội,272,Huyen Phuc Tho,9739,Xã Võng Xuyên,0.0,1.0,17082
Thành phố Hà Nội,272,Huyen Phuc Tho,9742,Xã Thọ Lộc,0.0,0.0,8804
Thành phố Hà Nội,272,Huyen Phuc Tho,9745,Xã Long Xuyên,0.0,0.0,8366
Thành phố Hà Nội,272,Huyen Phuc Tho,9748,Xã Thượng Cốc,0.0,0.0,5477
Thành phố Hà Nội,272,Huyen Phuc Tho,9751,Xã Hát Môn,0.0,0.0,7470
Thành phố Hà Nội,272,Huyen Phuc Tho,9754,Xã Tích Giang,0.0,0.0,8600
Thành phố Hà Nội,272,Huyen Phuc Tho,9757,Xã Thanh Đa,0.0,0.0,7280
Thành phố Hà Nội,272,Huyen Phuc Tho,9760,Xã Trạch Mỹ Lộc,0.0,0.0,7143
Thành phố Hà Nội,272,Huyen Phuc Tho,9763,Xã Phúc Hòa,0.0,0.0,6856
Thành phố Hà Nội,272,Huyen Phuc Tho,9766,Xã Ngọc Tảo,0.0,1.0,8601
Thành phố Hà Nội,272,Huyen Phuc Tho,9769,Xã Phụng Thượng,0.0,0.0,14099
Thành phố Hà Nội,272,Huyen Phuc Tho,9772,Xã Tam Thuấn,0.0,0.0,6578
Thành phố Hà Nội,272,Huyen Phuc Tho,9775,Xã Tam Hiệp,0.0,0.0,12306
Thành phố Hà Nội,272,Huyen Phuc Tho,9778,Xã Hiệp Thuận,0.0,0.0,10673
Thành phố Hà Nội,272,Huyen Phuc Tho,9781,Xã Liên Hiệp,0.0,0.0,10478
Thành phố Hà Nội,273,Huyen Dan Phuong,9784,Thị trấn Phùng,7.0,8.0,10605
Thành phố Hà Nội,273,Huyen Dan Phuong,9787,Xã Trung Châu,0.0,0.0,8959
Thành phố Hà Nội,273,Huyen Dan Phuong,9790,Xã Thọ An,0.0,1.0,11558
Thành phố Hà Nội,273,Huyen Dan Phuong,9793,Xã Thọ Xuân,0.0,0.0,10570
Thành phố Hà Nội,273,Huyen Dan Phuong,9796,Xã Hồng Hà,0.0,0.0,12525
Thành phố Hà Nội,273,Huyen Dan Phuong,9799,Xã Liên Hồng,0.0,0.0,7918
Thành phố Hà Nội,273,Huyen Dan Phuong,9802,Xã Liên Hà,0.0,0.0,8951
Thành phố Hà Nội,273,Huyen Dan Phuong,9805,Xã Hạ Mỗ,0.0,0.0,8777
Thành phố Hà Nội,273,Huyen Dan Phuong,9808,Xã Liên Trung,0.0,0.0,8100
Thành phố Hà Nội,273,Huyen Dan Phuong,9811,Xã Phương Đình,1.0,0.0,12707
Thành phố Hà Nội,273,Huyen Dan Phuong,9814,Xã Thượng Mỗ,0.0,0.0,9319
Thành phố Hà Nội,273,Huyen Dan Phuong,9817,Xã Tân Hội,0.0,1.0,19164
Thành phố Hà Nội,273,Huyen Dan Phuong,9820,Xã Tân Lập,4.0,1.0,22711
Thành phố Hà Nội,273,Huyen Dan Phuong,9823,Xã Đan Phượng,1.0,0.0,9224
Thành phố Hà Nội,273,Huyen Dan Phuong,9826,Xã Đồng Tháp,0.0,0.0,8313
Thành phố Hà Nội,273,Huyen Dan Phuong,9829,Xã Song Phượng,0.0,0.0,5100
Thành phố Hà Nội,274,Huyen Hoai Duc,9832,Thị trấn Trạm Trôi,4.0,4.0,6217
Thành phố Hà Nội,274,Huyen Hoai Duc,9835,Xã Đức Thượng,0.0,0.0,14884
Thành phố Hà Nội,274,Huyen Hoai Duc,9838,Xã Minh Khai,0.0,1.0,6120
Thành phố Hà Nội,274,Huyen Hoai Duc,9841,Xã Dương Liễu,0.0,0.0,13339
Thành phố Hà Nội,274,Huyen Hoai Duc,9844,Xã Di Trạch,0.0,0.0,10618
Thành phố Hà Nội,274,Huyen Hoai Duc,9847,Xã Đức Giang,0.0,0.0,12824
Thành phố Hà Nội,274,Huyen Hoai Duc,9850,Xã Cát Quế,0.0,1.0,17356
Thành phố Hà Nội,274,Huyen Hoai Duc,9853,Xã Kim Chung,1.0,3.0,16677
Thành phố Hà Nội,274,Huyen Hoai Duc,9856,Xã Yên Sở,0.0,0.0,11063
Thành phố Hà Nội,274,Huyen Hoai Duc,9859,Xã Sơn Đồng,0.0,0.0,10141
Thành phố Hà Nội,274,Huyen Hoai Duc,9862,Xã Vân Canh,0.0,0.0,14235
Thành phố Hà Nội,274,Huyen Hoai Duc,9865,Xã Đắc Sở,0.0,0.0,4868
Thành phố Hà Nội,274,Huyen Hoai Duc,9868,Xã Lại Yên,0.0,0.0,7718
Thành phố Hà Nội,274,Huyen Hoai Duc,9871,Xã Tiền Yên,0.0,0.0,6993
Thành phố Hà Nội,274,Huyen Hoai Duc,9874,Xã Song Phương,0.0,0.0,13340
Thành phố Hà Nội,274,Huyen Hoai Duc,9877,Xã An Khánh,4.0,3.0,41011
Thành phố Hà Nội,274,Huyen Hoai Duc,9880,Xã An Thượng,0.0,0.0,16838
Thành phố Hà Nội,274,Huyen Hoai Duc,9883,Xã Vân Côn,0.0,0.0,14115
Thành phố Hà Nội,274,Huyen Hoai Duc,9889,Xã La Phù,1.0,2.0,11863
Thành phố Hà Nội,274,Huyen Hoai Duc,9892,Xã Đông La,0.0,0.0,12758
Thành phố Hà Nội,275,Huyen Quoc Oai,4939,Xã Đông Xuân,0.0,1.0,5444
Thành phố Hà Nội,275,Huyen Quoc Oai,9895,Thị trấn Quốc Oai,7.0,3.0,14491
Thành phố Hà Nội,275,Huyen Quoc Oai,9898,Xã Sài Sơn,0.0,0.0,20161
Thành phố Hà Nội,275,Huyen Quoc Oai,9901,Xã Phượng Cách,0.0,0.0,6376
Thành phố Hà Nội,275,Huyen Quoc Oai,9904,Xã Yên Sơn,1.0,0.0,7780
Thành phố Hà Nội,275,Huyen Quoc Oai,9907,Xã Ngọc Liệp,1.0,0.0,9035
Thành phố Hà Nội,275,Huyen Quoc Oai,9910,Xã Ngọc Mỹ,0.0,0.0,12030
Thành phố Hà Nội,275,Huyen Quoc Oai,9913,Xã Liệp Tuyết,0.0,0.0,5627
Thành phố Hà Nội,275,Huyen Quoc Oai,9916,Xã Thạch Thán,0.0,0.0,7101
Thành phố Hà Nội,275,Huyen Quoc Oai,9919,Xã Đồng Quang,0.0,0.0,15297
Thành phố Hà Nội,275,Huyen Quoc Oai,9922,Xã Phú Cát,0.0,0.0,8503
Thành phố Hà Nội,275,Huyen Quoc Oai,9925,Xã Tuyết Nghĩa,0.0,0.0,7167
Thành phố Hà Nội,275,Huyen Quoc Oai,9928,Xã Nghĩa Hương,0.0,0.0,7286
Thành phố Hà Nội,275,Huyen Quoc Oai,9931,Xã Cộng Hòa,0.0,0.0,7483
Thành phố Hà Nội,275,Huyen Quoc Oai,9934,Xã Tân Phú,0.0,0.0,5887
Thành phố Hà Nội,275,Huyen Quoc Oai,9937,Xã Đại Thành,0.0,0.0,6606
Thành phố Hà Nội,275,Huyen Quoc Oai,9940,Xã Phú Mãn,1.0,0.0,2332
Thành phố Hà Nội,275,Huyen Quoc Oai,9943,Xã Cấn Hữu,0.0,1.0,10650
Thành phố Hà Nội,275,Huyen Quoc Oai,9946,Xã Tân Hòa,0.0,1.0,8202
Thành phố Hà Nội,275,Huyen Quoc Oai,9949,Xã Hòa Thạch,0.0,1.0,13696
Thành phố Hà Nội,275,Huyen Quoc Oai,9952,Xã Đông Yên,0.0,0.0,13258
Thành phố Hà Nội,276,Huyen Thach That,4927,Xã Yên Trung,0.0,0.0,3850
Thành phố Hà Nội,276,Huyen Thach That,4930,Xã Yên Bình,0.0,0.0,7323
Thành phố Hà Nội,276,Huyen Thach That,4936,Xã Tiến Xuân,0.0,0.0,7605
Thành phố Hà Nội,276,Huyen Thach That,9955,Thị trấn Liên Quan,5.0,3.0,6552
Thành phố Hà Nội,276,Huyen Thach That,9958,Xã Đại Đồng,0.0,0.0,10294
Thành phố Hà Nội,276,Huyen Thach That,9961,Xã Cẩm Yên,0.0,0.0,5247
Thành phố Hà Nội,276,Huyen Thach That,9964,Xã Lại Thượng,0.0,0.0,10009
Thành phố Hà Nội,276,Huyen Thach That,9967,Xã Phú Kim,0.0,0.0,9777
Thành phố Hà Nội,276,Huyen Thach That,9970,Xã Hương Ngải,0.0,0.0,8482
Thành phố Hà Nội,276,Huyen Thach That,9973,Xã Canh Nậu,0.0,0.0,14897
Thành phố Hà Nội,276,Huyen Thach That,9976,Xã Kim Quan,0.0,0.0,8768
Thành phố Hà Nội,276,Huyen Thach That,9979,Xã Dị Nậu,0.0,0.0,7682
Thành phố Hà Nội,276,Huyen Thach That,9982,Xã Bình Yên,1.0,1.0,12210
Thành phố Hà Nội,276,Huyen Thach That,9985,Xã Chàng Sơn,0.0,0.0,10024
Thành phố Hà Nội,276,Huyen Thach That,9988,Xã Thạch Hoà,4.0,2.0,12290
Thành phố Hà Nội,276,Huyen Thach That,9991,Xã Cần Kiệm,0.0,0.0,9807
Thành phố Hà Nội,276,Huyen Thach That,9994,Xã Hữu Bằng,0.0,0.0,17477
Thành phố Hà Nội,276,Huyen Thach That,9997,Xã Phùng Xá,6.0,4.0,13069
Thành phố Hà Nội,276,Huyen Thach That,10000,Xã Tân Xã,3.0,0.0,5765
Thành phố Hà Nội,276,Huyen Thach That,10003,Xã Thạch Xá,0.0,0.0,7562
Thành phố Hà Nội,276,Huyen Thach That,10006,Xã Bình Phú,3.0,2.0,13309
Thành phố Hà Nội,276,Huyen Thach That,10009,Xã Hạ Bằng,0.0,0.0,7229
Thành phố Hà Nội,276,Huyen Thach That,10012,Xã Đồng Trúc,0.0,0.0,7326
Thành phố Hà Nội,277,Huyen Chuong My,10015,Thị trấn Chúc Sơn,3.0,4.0,14177
Thành phố Hà Nội,277,Huyen Chuong My,10018,Thị trấn Xuân Mai,12.0,4.0,22252
Thành phố Hà Nội,277,Huyen Chuong My,10021,Xã Phụng Châu,1.0,0.0,12936
Thành phố Hà Nội,277,Huyen Chuong My,10024,Xã Tiên Phương,0.0,0.0,16764
Thành phố Hà Nội,277,Huyen Chuong My,10027,Xã Đông Sơn,0.0,0.0,10822
Thành phố Hà Nội,277,Huyen Chuong My,10030,Xã Đông Phương Yên,0.0,1.0,11693
Thành phố Hà Nội,277,Huyen Chuong My,10033,Xã Phú Nghĩa,6.0,1.0,11971
Thành phố Hà Nội,277,Huyen Chuong My,10039,Xã Trường Yên,0.0,0.0,11954
Thành phố Hà Nội,277,Huyen Chuong My,10042,Xã Ngọc Hòa,2.0,0.0,9156
Thành phố Hà Nội,277,Huyen Chuong My,10045,Xã Thủy Xuân Tiên,3.0,0.0,18869
Thành phố Hà Nội,277,Huyen Chuong My,10048,Xã Thanh Bình,0.0,0.0,7417
Thành phố Hà Nội,277,Huyen Chuong My,10051,Xã Trung Hòa,0.0,5.0,11405
Thành phố Hà Nội,277,Huyen Chuong My,10054,Xã Đại Yên,0.0,0.0,6523
Thành phố Hà Nội,277,Huyen Chuong My,10057,Xã Thụy Hương,0.0,0.0,9614
Thành phố Hà Nội,277,Huyen Chuong My,10060,Xã Tốt Động,0.0,0.0,14766
Thành phố Hà Nội,277,Huyen Chuong My,10063,Xã Lam Điền,0.0,0.0,11695
Thành phố Hà Nội,277,Huyen Chuong My,10066,Xã Tân Tiến,0.0,0.0,11385
Thành phố Hà Nội,277,Huyen Chuong My,10069,Xã Nam Phương Tiến,0.0,0.0,10160
Thành phố Hà Nội,277,Huyen Chuong My,10072,Xã Hợp Đồng,0.0,0.0,7095
Thành phố Hà Nội,277,Huyen Chuong My,10075,Xã Hoàng Văn Thụ,1.0,0.0,12516
Thành phố Hà Nội,277,Huyen Chuong My,10078,Xã Hoàng Diệu,0.0,0.0,10924
Thành phố Hà Nội,277,Huyen Chuong My,10081,Xã Hữu Văn,0.0,0.0,9509
Thành phố Hà Nội,277,Huyen Chuong My,10084,Xã Quảng Bị,0.0,1.0,12010
Thành phố Hà Nội,277,Huyen Chuong My,10087,Xã Mỹ Lương,0.0,0.0,8347
Thành phố Hà Nội,277,Huyen Chuong My,10090,Xã Thượng Vực,0.0,0.0,6803
Thành phố Hà Nội,277,Huyen Chuong My,10093,Xã Hồng Phong,0.0,0.0,4588
Thành phố Hà Nội,277,Huyen Chuong My,10096,Xã Đồng Phú,0.0,0.0,6163
Thành phố Hà Nội,277,Huyen Chuong My,10099,Xã Trần Phú,0.0,1.0,9550
Thành phố Hà Nội,277,Huyen Chuong My,10102,Xã Văn Võ,0.0,0.0,9036
Thành phố Hà Nội,277,Huyen Chuong My,10105,Xã Đồng Lạc,0.0,0.0,5449
Thành phố Hà Nội,277,Huyen Chuong My,10108,Xã Hòa Chính,0.0,0.0,7127
Thành phố Hà Nội,277,Huyen Chuong My,10111,Xã Phú Nam An,0.0,0.0,4650
Thành phố Hà Nội,278,Huyen Thanh Oai,10114,Thị trấn Kim Bài,4.0,3.0,7069
Thành phố Hà Nội,278,Huyen Thanh Oai,10120,Xã Cự Khê,0.0,0.0,16508
Thành phố Hà Nội,278,Huyen Thanh Oai,10126,Xã Bích Hòa,1.0,0.0,11511
Thành phố Hà Nội,278,Huyen Thanh Oai,10129,Xã Mỹ Hưng,0.0,0.0,7126
Thành phố Hà Nội,278,Huyen Thanh Oai,10132,Xã Cao Viên,0.0,0.0,19726
Thành phố Hà Nội,278,Huyen Thanh Oai,10135,Xã Bình Minh,1.0,1.0,14435
Thành phố Hà Nội,278,Huyen Thanh Oai,10138,Xã Tam Hưng,0.0,0.0,12051
Thành phố Hà Nội,278,Huyen Thanh Oai,10141,Xã Thanh Cao,0.0,0.0,10681
Thành phố Hà Nội,278,Huyen Thanh Oai,10144,Xã Thanh Thùy,0.0,0.0,8531
Thành phố Hà Nội,278,Huyen Thanh Oai,10147,Xã Thanh Mai,0.0,0.0,11056
Thành phố Hà Nội,278,Huyen Thanh Oai,10150,Xã Thanh Văn,0.0,0.0,6656
Thành phố Hà Nội,278,Huyen Thanh Oai,10153,Xã Đỗ Động,0.0,0.0,6432
Thành phố Hà Nội,278,Huyen Thanh Oai,10156,Xã Kim An,0.0,0.0,3597
Thành phố Hà Nội,278,Huyen Thanh Oai,10159,Xã Kim Thư,0.0,0.0,5984
Thành phố Hà Nội,278,Huyen Thanh Oai,10162,Xã Phương Trung,0.0,0.0,16424
Thành phố Hà Nội,278,Huyen Thanh Oai,10165,Xã Tân Ước,0.0,0.0,7826
Thành phố Hà Nội,278,Huyen Thanh Oai,10168,Xã Dân Hòa,1.0,1.0,8522
Thành phố Hà Nội,278,Huyen Thanh Oai,10171,Xã Liên Châu,0.0,0.0,8008
Thành phố Hà Nội,278,Huyen Thanh Oai,10174,Xã Cao Dương,0.0,0.0,10947
Thành phố Hà Nội,278,Huyen Thanh Oai,10177,Xã Xuân Dương,0.0,0.0,5895
Thành phố Hà Nội,278,Huyen Thanh Oai,10180,Xã Hồng Dương,0.0,0.0,12044
Thành phố Hà Nội,279,Huyen Thuong Tin,10183,Thị trấn Thường Tín,10.0,4.0,6178
Thành phố Hà Nội,279,Huyen Thuong Tin,10186,Xã Ninh Sở,0.0,0.0,9956
Thành phố Hà Nội,279,Huyen Thuong Tin,10189,Xã Nhị Khê,0.0,1.0,7750
Thành phố Hà Nội,279,Huyen Thuong Tin,10192,Xã Duyên Thái,0.0,0.0,12037
Thành phố Hà Nội,279,Huyen Thuong Tin,10195,Xã Khánh Hà,0.0,0.0,11925
Thành phố Hà Nội,279,Huyen Thuong Tin,10198,Xã Hòa Bình,0.0,0.0,7254
Thành phố Hà Nội,279,Huyen Thuong Tin,10201,Xã Văn Bình,0.0,0.0,11478
Thành phố Hà Nội,279,Huyen Thuong Tin,10204,Xã Hiền Giang,0.0,0.0,4815
Thành phố Hà Nội,279,Huyen Thuong Tin,10207,Xã Hồng Vân,0.0,1.0,6241
Thành phố Hà Nội,279,Huyen Thuong Tin,10210,Xã Vân Tảo,0.0,0.0,11318
Thành phố Hà Nội,279,Huyen Thuong Tin,10213,Xã Liên Phương,0.0,0.0,8588
Thành phố Hà Nội,279,Huyen Thuong Tin,10216,Xã Văn Phú,0.0,0.0,8151
Thành phố Hà Nội,279,Huyen Thuong Tin,10219,Xã Tự Nhiên,0.0,0.0,9629
Thành phố Hà Nội,279,Huyen Thuong Tin,10222,Xã Tiền Phong,0.0,0.0,10264
Thành phố Hà Nội,279,Huyen Thuong Tin,10225,Xã Hà Hồi,2.0,0.0,10618
Thành phố Hà Nội,279,Huyen Thuong Tin,10228,Xã Thư Phú,0.0,0.0,6486
Thành phố Hà Nội,279,Huyen Thuong Tin,10231,Xã Nguyễn Trãi,0.0,0.0,9739
Thành phố Hà Nội,279,Huyen Thuong Tin,10234,Xã Quất Động,0.0,0.0,8432
Thành phố Hà Nội,279,Huyen Thuong Tin,10237,Xã Chương Dương,0.0,0.0,5403
Thành phố Hà Nội,279,Huyen Thuong Tin,10240,Xã Tân Minh,0.0,0.0,9255
Thành phố Hà Nội,279,Huyen Thuong Tin,10243,Xã Lê Lợi,0.0,0.0,8125
Thành phố Hà Nội,279,Huyen Thuong Tin,10246,Xã Thắng Lợi,0.0,0.0,9592
Thành phố Hà Nội,279,Huyen Thuong Tin,10249,Xã Dũng Tiến,0.0,0.0,8568
Thành phố Hà Nội,279,Huyen Thuong Tin,10252,Xã Thống Nhất,0.0,0.0,7238
Thành phố Hà Nội,279,Huyen Thuong Tin,10255,Xã Nghiêm Xuyên,0.0,0.0,6125
Thành phố Hà Nội,279,Huyen Thuong Tin,10258,Xã Tô Hiệu,1.0,1.0,12383
Thành phố Hà Nội,279,Huyen Thuong Tin,10261,Xã Văn Tự,0.0,0.0,9502
Thành phố Hà Nội,279,Huyen Thuong Tin,10264,Xã Vạn Điểm,0.0,0.0,8117
Thành phố Hà Nội,279,Huyen Thuong Tin,10267,Xã Minh Cường,0.0,0.0,9535
Thành phố Hà Nội,280,Huyen Phu Xuyen,10270,Thị trấn Phú Minh,0.0,0.0,5340
Thành phố Hà Nội,280,Huyen Phu Xuyen,10273,Thị trấn Phú Xuyên,4.0,6.0,11311
Thành phố Hà Nội,280,Huyen Phu Xuyen,10276,Xã Hồng Minh,0.0,0.0,8648
Thành phố Hà Nội,280,Huyen Phu Xuyen,10279,Xã Phượng Dực,0.0,0.0,9518
Thành phố Hà Nội,280,Huyen Phu Xuyen,10282,Xã Văn Nhân,0.0,0.0,6010
Thành phố Hà Nội,280,Huyen Phu Xuyen,10285,Xã Thụy Phú,0.0,0.0,2699
Thành phố Hà Nội,280,Huyen Phu Xuyen,10288,Xã Tri Trung,0.0,0.0,4423
Thành phố Hà Nội,280,Huyen Phu Xuyen,10291,Xã Đại Thắng,0.0,0.0,6543
Thành phố Hà Nội,280,Huyen Phu Xuyen,10294,Xã Phú Túc,0.0,0.0,9215
Thành phố Hà Nội,280,Huyen Phu Xuyen,10297,Xã Văn Hoàng,0.0,0.0,7329
Thành phố Hà Nội,280,Huyen Phu Xuyen,10300,Xã Hồng Thái,0.0,0.0,7767
Thành phố Hà Nội,280,Huyen Phu Xuyen,10303,Xã Hoàng Long,0.0,0.0,10425
Thành phố Hà Nội,280,Huyen Phu Xuyen,10306,Xã Quang Trung,0.0,0.0,4385
Thành phố Hà Nội,280,Huyen Phu Xuyen,10309,Xã Nam Phong,0.0,0.0,5386
Thành phố Hà Nội,280,Huyen Phu Xuyen,10312,Xã Nam Triều,0.0,0.0,6661
Thành phố Hà Nội,280,Huyen Phu Xuyen,10315,Xã Tân Dân,0.0,0.0,9615
Thành phố Hà Nội,280,Huyen Phu Xuyen,10318,Xã Sơn Hà,0.0,0.0,5676
Thành phố Hà Nội,280,Huyen Phu Xuyen,10321,Xã Chuyên Mỹ,0.0,0.0,10154
Thành phố Hà Nội,280,Huyen Phu Xuyen,10324,Xã Khai Thái,0.0,0.0,8265
Thành phố Hà Nội,280,Huyen Phu Xuyen,10327,Xã Phúc Tiến,0.0,0.0,9244
Thành phố Hà Nội,280,Huyen Phu Xuyen,10330,Xã Vân Từ,0.0,0.0,5556
Thành phố Hà Nội,280,Huyen Phu Xuyen,10333,Xã Tri Thủy,0.0,1.0,10040
Thành phố Hà Nội,280,Huyen Phu Xuyen,10336,Xã Đại Xuyên,0.0,1.0,8708
Thành phố Hà Nội,280,Huyen Phu Xuyen,10339,Xã Phú Yên,0.0,0.0,5586
Thành phố Hà Nội,280,Huyen Phu Xuyen,10342,Xã Bạch Hạ,0.0,0.0,6711
Thành phố Hà Nội,280,Huyen Phu Xuyen,10345,Xã Quang Lãng,0.0,0.0,5389
Thành phố Hà Nội,280,Huyen Phu Xuyen,10348,Xã Châu Can,0.0,0.0,10092
Thành phố Hà Nội,280,Huyen Phu Xuyen,10351,Xã Minh Tân,0.0,0.0,13288
Thành phố Hà Nội,281,Huyen Ung Hoa,10354,Thị trấn Vân Đình,5.0,3.0,14340
Thành phố Hà Nội,281,Huyen Ung Hoa,10357,Xã Viên An,0.0,0.0,7388
Thành phố Hà Nội,281,Huyen Ung Hoa,10360,Xã Viên Nội,0.0,0.0,4402
Thành phố Hà Nội,281,Huyen Ung Hoa,10363,Xã Hoa Sơn,0.0,0.0,7443
Thành phố Hà Nội,281,Huyen Ung Hoa,10366,Xã Quảng Phú Cầu,0.0,0.0,12443
Thành phố Hà Nội,281,Huyen Ung Hoa,10369,Xã Trường Thịnh,0.0,1.0,7254
Thành phố Hà Nội,281,Huyen Ung Hoa,10372,Xã Cao Thành,0.0,0.0,4081
Thành phố Hà Nội,281,Huyen Ung Hoa,10375,Xã Liên Bạt,0.0,0.0,7138
Thành phố Hà Nội,281,Huyen Ung Hoa,10378,Xã Sơn Công,0.0,0.0,6077
Thành phố Hà Nội,281,Huyen Ung Hoa,10381,Xã Đồng Tiến,0.0,0.0,7732
Thành phố Hà Nội,281,Huyen Ung Hoa,10384,Xã Phương Tú,0.0,0.0,13125
Thành phố Hà Nội,281,Huyen Ung Hoa,10387,Xã Trung Tú,0.0,0.0,7775
Thành phố Hà Nội,281,Huyen Ung Hoa,10390,Xã Đồng Tân,0.0,1.0,6138
Thành phố Hà Nội,281,Huyen Ung Hoa,10393,Xã Tảo Dương Văn,0.0,0.0,7049
Thành phố Hà Nội,281,Huyen Ung Hoa,10396,Xã Vạn Thái,0.0,0.0,10434
Thành phố Hà Nội,281,Huyen Ung Hoa,10399,Xã Minh Đức,0.0,0.0,5671
Thành phố Hà Nội,281,Huyen Ung Hoa,10402,Xã Hòa Lâm,0.0,0.0,6644
Thành phố Hà Nội,281,Huyen Ung Hoa,10405,Xã Hòa Xá,1.0,1.0,4328
Thành phố Hà Nội,281,Huyen Ung Hoa,10408,Xã Trầm Lộng,0.0,0.0,4733
Thành phố Hà Nội,281,Huyen Ung Hoa,10411,Xã Kim Đường,0.0,0.0,7008
Thành phố Hà Nội,281,Huyen Ung Hoa,10414,Xã Hòa Nam,0.0,0.0,10975
Thành phố Hà Nội,281,Huyen Ung Hoa,10417,Xã Hòa Phú,0.0,1.0,7473
Thành phố Hà Nội,281,Huyen Ung Hoa,10420,Xã Đội Bình,0.0,0.0,8313
Thành phố Hà Nội,281,Huyen Ung Hoa,10423,Xã Đại Hùng,0.0,0.0,5099
Thành phố Hà Nội,281,Huyen Ung Hoa,10426,Xã Đông Lỗ,0.0,0.0,5889
Thành phố Hà Nội,281,Huyen Ung Hoa,10429,Xã Phù Lưu,0.0,0.0,5751
Thành phố Hà Nội,281,Huyen Ung Hoa,10432,Xã Đại Cường,0.0,1.0,4742
Thành phố Hà Nội,281,Huyen Ung Hoa,10435,Xã Lưu Hoàng,0.0,0.0,5125
Thành phố Hà Nội,281,Huyen Ung Hoa,10438,Xã Hồng Quang,0.0,0.0,6299
Thành phố Hà Nội,282,Huyen My Duc,10441,Thị trấn Đại Nghĩa,3.0,2.0,8015
Thành phố Hà Nội,282,Huyen My Duc,10444,Xã Đồng Tâm,0.0,0.0,9459
Thành phố Hà Nội,282,Huyen My Duc,10447,Xã Thượng Lâm,0.0,0.0,6337
Thành phố Hà Nội,282,Huyen My Duc,10450,Xã Tuy Lai,0.0,0.0,13658
Thành phố Hà Nội,282,Huyen My Duc,10453,Xã Phúc Lâm,0.0,0.0,8808
Thành phố Hà Nội,282,Huyen My Duc,10456,Xã Mỹ Thành,0.0,0.0,3763
Thành phố Hà Nội,282,Huyen My Duc,10459,Xã Bột Xuyên,0.0,0.0,8138
Thành phố Hà Nội,282,Huyen My Duc,10462,Xã An Mỹ,1.0,1.0,5976
Thành phố Hà Nội,282,Huyen My Duc,10465,Xã Hồng Sơn,0.0,0.0,7977
Thành phố Hà Nội,282,Huyen My Duc,10468,Xã Lê Thanh,0.0,0.0,12770
Thành phố Hà Nội,282,Huyen My Duc,10471,Xã Xuy Xá,0.0,0.0,9575
Thành phố Hà Nội,282,Huyen My Duc,10474,Xã Phùng Xá,0.0,0.0,8181
Thành phố Hà Nội,282,Huyen My Duc,10477,Xã Phù Lưu Tế,0.0,0.0,8132
Thành phố Hà Nội,282,Huyen My Duc,10480,Xã Đại Hưng,0.0,0.0,7486
Thành phố Hà Nội,282,Huyen My Duc,10483,Xã Vạn Kim,0.0,0.0,6804
Thành phố Hà Nội,282,Huyen My Duc,10486,Xã Đốc Tín,0.0,0.0,4515
Thành phố Hà Nội,282,Huyen My Duc,10489,Xã Hương Sơn,0.0,1.0,20806
Thành phố Hà Nội,282,Huyen My Duc,10492,Xã Hùng Tiến,0.0,0.0,7528
Thành phố Hà Nội,282,Huyen My Duc,10495,Xã An Tiến,0.0,0.0,6846
Thành phố Hà Nội,282,Huyen My Duc,10498,Xã Hợp Tiến,0.0,1.0,14071
Thành phố Hà Nội,282,Huyen My Duc,10501,Xã Hợp Thanh,0.0,0.0,12172
Thành phố Hà Nội,282,Huyen My Duc,10504,Xã An Phú,0.0,0.0,8884
